"_mkv_child","check-is_relevant","check-notes","check_id","coverage-data_collection_status","coverage-data_exists_elsewhere","coverage-data_in_siem","coverage-group_label","coverage-notes","coverage-point_of_contact","m2131_lookup_version","m2131_lookup_version-compatibility",query,"query-example_output","query-is_example","query-needs_review","query-notes","query-too_general"
0,,,"0.ID.1",Y,,Y,Demo,,swise,"1.4.0","1.4","index=""identity"" sourcetype=""charlie""",,,,,
0,,,"0.ID.2-1",Y,,Y,Demo,,gwhite,"1.4.0","1.4","index=""identity"" sourcetype=""echo""",,,,,
0,,,"0.ID.2-2",Y,,Y,Demo,,swise,"1.4.0","1.4","index=""identity"" sourcetype=""delta""",,,,,
0,,,"0.ID.3",Y,Y,N,Demo,,swise,"1.4.0","1.4","index=""identity"" sourcetype=""bravo""",,,,,
0,,,"0.ID.4",Y,Y,N,Demo,,gwhite,"1.4.0","1.4","index=""identity"" sourcetype=""indigo""",,,,,
0,,,"0.ID.5",N,,N,Demo,,swise,"1.4.0","1.4","index=""identity"" sourcetype=""juliet""",,,,,
0,,,"0.ID.6",Y,,Y,Demo,,gwhite,"1.4.0","1.4","index=""identity"" sourcetype=""echo""",,,,,
0,,,"0.ID.7",Y,,Y,Demo,,swise,"1.4.0","1.4","index=""identity"" sourcetype=""juliet""",,,,,
0,,,"0.ID.8",N,,N,Demo,,swise,"1.4.0","1.4","index=""identity"" sourcetype=""hotel""",,,,,
0,,,"0.ID.9",Y,,Y,Demo,,swise,"1.4.0","1.4","index=""identity"" sourcetype=""echo""",,,,,
0,,,"0.ID.10",Y,,Y,Demo,,gwhite,"1.4.0","1.4","index=""identity"" sourcetype=""delta""",,,,,
0,,,"0.ID-Priv.1",Y,,Y,Demo,,swise,"1.4.0","1.4","index=""privileged_identity"" sourcetype=""indigo""",,,,,
0,,,"0.ID-Priv.2-1",Y,,Y,Demo,,gwhite,"1.4.0","1.4","index=""privileged_identity"" sourcetype=""echo""",,,,,
0,,,"0.ID-Priv.2-2",Y,Y,N,Demo,,swise,"1.4.0","1.4","index=""privileged_identity"" sourcetype=""delta""",,,,,
0,,,"0.ID-Priv.3",Y,,Y,Demo,,swise,"1.4.0","1.4","index=""privileged_identity"" sourcetype=""charlie""",,,,,
0,,,"0.ID-Priv.4",Y,,Y,Demo,,gwhite,"1.4.0","1.4","index=""privileged_identity"" sourcetype=""hotel""",,,,,
0,,,"0.ID-Priv.5",Y,Y,N,Demo,,swise,"1.4.0","1.4","index=""privileged_identity"" sourcetype=""hotel""",,,,,
0,,,"0.ID-Priv.6",Y,,Y,Demo,,swise,"1.4.0","1.4","index=""privileged_identity"" sourcetype=""alpha""",,,,,
0,,,"0.ID-Priv.7",Y,,Y,Demo,,swise,"1.4.0","1.4","index=""privileged_identity"" sourcetype=""charlie""",,,,,
0,,,"0.ID-Priv.8",Y,,Y,Demo,,gwhite,"1.4.0","1.4","index=""privileged_identity"" sourcetype=""delta""",,,,,
0,,,"0.ID-Priv.9",Y,,Y,Demo,,gwhite,"1.4.0","1.4","index=""privileged_identity"" sourcetype=""charlie""",,,,,
0,,,"0.ID-Priv.10",Y,,Y,Demo,,swise,"1.4.0","1.4","index=""privileged_identity"" sourcetype=""juliet""",,,,,
0,,,"0.ID-Priv.11",Y,,Y,Demo,,gwhite,"1.4.0","1.4","index=""privileged_identity"" sourcetype=""delta""",,,,,
0,,,"0.ID-Priv.12",Y,,Y,Demo,,swise,"1.4.0","1.4","index=""privileged_identity"" sourcetype=""delta""",,,,,
0,,,"0.ID-Priv.13",Y,,Y,Demo,,swise,"1.4.0","1.4","index=""privileged_identity"" sourcetype=""echo""",,,,,
0,,,"0.ID-Priv.14",Y,,Y,Demo,,swise,"1.4.0","1.4","index=""privileged_identity"" sourcetype=""foxtrot""",,,,,
0,,,"0.ID-Priv.15",Y,,Y,Demo,,swise,"1.4.0","1.4","index=""privileged_identity"" sourcetype=""delta""",,,,,
0,,,"0.ID-Priv.16",Y,,Y,Demo,,swise,"1.4.0","1.4","index=""privileged_identity"" sourcetype=""delta""",,,,,
0,,,"0.Email.1",Y,,Y,Demo,,swise,"1.4.0","1.4","index=""email"" sourcetype=""echo""",,,,,
0,,,"0.Email.2",Y,Y,N,Demo,,swise,"1.4.0","1.4","index=""email"" sourcetype=""charlie""",,,,,
0,,,"0.NDI-Multi.1",Y,,Y,Demo,,gwhite,"1.4.0","1.4","index=""network_device"" sourcetype=""alpha""",,,,,
0,,,"0.NDI-Multi.2",Y,,Y,Demo,,swise,"1.4.0","1.4","index=""network_device"" sourcetype=""indigo""",,,,,
0,,,"0.NDI.1-1",Y,,Y,Demo,,swise,"1.4.0","1.4","index=""network_device"" sourcetype=""delta""",,,,,
0,,,"0.NDI.1-2",N,,N,Demo,,swise,"1.4.0","1.4","index=""network_device"" sourcetype=""hotel""",,,,,
0,,,"0.NDI.1-3",Y,,Y,Demo,,swise,"1.4.0","1.4","index=""network_device"" sourcetype=""golf""",,,,,
0,,,"0.NDI.1-4",Y,,Y,Demo,,swise,"1.4.0","1.4","index=""network_device"" sourcetype=""delta""",,,,,
0,,,"0.NDI.1-5",Y,,Y,Demo,,gwhite,"1.4.0","1.4","index=""network_device"" sourcetype=""echo""",,,,,
0,,,"0.NDI.2-1",Y,,Y,Demo,,swise,"1.4.0","1.4","index=""network_device"" sourcetype=""delta""",,,,,
0,,,"0.NDI.2-2",Y,,Y,Demo,,swise,"1.4.0","1.4","index=""network_device"" sourcetype=""delta""",,,,,
0,,,"0.NDI.2-3",Y,,Y,Demo,,swise,"1.4.0","1.4","index=""network_device"" sourcetype=""alpha""",,,,,
0,,,"0.NDI.3-1",Y,,Y,Demo,,swise,"1.4.0","1.4","index=""network_device"" sourcetype=""echo""",,,,,
0,,,"0.NDI.3-2",P,Y,N,Demo,,swise,"1.4.0","1.4",,,,,,
0,,,"0.NDI.4-1",Y,,Y,Demo,,gwhite,"1.4.0","1.4","index=""network_device"" sourcetype=""juliet""",,,,,
0,,,"0.NDI.4-2",P,,N,Demo,,swise,"1.4.0","1.4",,,,,,
0,,,"0.NDI.5-1",Y,,Y,Demo,,gwhite,"1.4.0","1.4","index=""network_device"" sourcetype=""alpha""",,,,,
0,,,"0.NDI.5-2",Y,,Y,Demo,,swise,"1.4.0","1.4","index=""network_device"" sourcetype=""juliet""",,,,,
0,,,"0.NDI.5-3",Y,,Y,Demo,,gwhite,"1.4.0","1.4","index=""network_device"" sourcetype=""alpha""",,,,,
0,,,"0.NDI.6",Y,,Y,Demo,,swise,"1.4.0","1.4","index=""network_device"" sourcetype=""echo""",,,,,
0,,,"0.NDI.7",Y,,Y,Demo,,swise,"1.4.0","1.4","index=""network_device"" sourcetype=""alpha""",,,,,
0,,,"0.NDI.8",Y,,Y,Demo,,gwhite,"1.4.0","1.4","index=""network_device"" sourcetype=""delta""",,,,,
0,,,"0.NDI.9",Y,,Y,Demo,,gwhite,"1.4.0","1.4","index=""network_device"" sourcetype=""echo""",,,,,
0,,,"0.NDI.10",Y,,Y,Demo,,gwhite,"1.4.0","1.4","index=""network_device"" sourcetype=""alpha""",,,,,
0,,,"0.NDI.11",Y,Y,N,Demo,,swise,"1.4.0","1.4",,,,,,
0,,,"0.NDI.12",Y,,Y,Demo,,gwhite,"1.4.0","1.4","index=""network_device"" sourcetype=""alpha""",,,,,
0,,,"0.NDI.13",Y,,Y,Demo,,swise,"1.4.0","1.4","index=""network_device"" sourcetype=""foxtrot""",,,,,
0,,,"0.NDI.14",N,,N,Demo,,swise,"1.4.0","1.4","index=""network_device"" sourcetype=""golf""",,,,,
0,,,"0.NDI.15",Y,,Y,Demo,,gwhite,"1.4.0","1.4","index=""network_device"" sourcetype=""hotel""",,,,,
0,,,"0.NDI.16",P,,Y,Demo,,swise,"1.4.0","1.4","index=""network_device"" sourcetype=""echo""",,,,,
0,,,"0.NDI.17",Y,,Y,Demo,,swise,"1.4.0","1.4","index=""network_device"" sourcetype=""echo""",,,,,
0,,,"0.NDI.18",Y,,Y,Demo,,swise,"1.4.0","1.4","index=""network_device"" sourcetype=""charlie""",,,,,
0,,,"0.NDI.19",Y,,Y,Demo,,gwhite,"1.4.0","1.4","index=""network_device"" sourcetype=""alpha""",,,,,
0,,,"0.NDI.20",Y,,Y,Demo,,swise,"1.4.0","1.4","index=""network_device"" sourcetype=""juliet""",,,,,
0,,,"0.NDI.21",Y,,Y,Demo,,gwhite,"1.4.0","1.4","index=""network_device"" sourcetype=""hotel""",,,,,
0,,,"0.NDI.22",Y,,Y,Demo,,gwhite,"1.4.0","1.4","index=""network_device"" sourcetype=""echo""",,,,,
0,,,"0.NDI.23",Y,,Y,Demo,,gwhite,"1.4.0","1.4","index=""network_device"" sourcetype=""delta""",,,,,
0,,,"0.NDI.24",Y,,Y,Demo,,swise,"1.4.0","1.4","index=""network_device"" sourcetype=""indigo""",,,,,
0,,,"0.NDI.25",Y,,Y,Demo,,gwhite,"1.4.0","1.4","index=""network_device"" sourcetype=""indigo""",,,,,
0,,,"0.NDI.26",Y,,Y,Demo,,gwhite,"1.4.0","1.4","index=""network_device"" sourcetype=""golf""",,,,,
0,,,"0.NDI.27-1",Y,,Y,Demo,,gwhite,"1.4.0","1.4","index=""network_device"" sourcetype=""echo""",,,,,
0,,,"0.NDI.27-2",N,,N,Demo,,swise,"1.4.0","1.4","index=""network_device"" sourcetype=""alpha""",,,,,
0,,,"0.NDI.28",Y,,Y,Demo,,gwhite,"1.4.0","1.4","index=""network_device"" sourcetype=""juliet""",,,,,
0,,,"0.NDI.29",Y,,Y,Demo,,gwhite,"1.4.0","1.4","index=""network_device"" sourcetype=""foxtrot""",,,,,
0,,,"0.NDI.30",Y,,Y,Demo,,gwhite,"1.4.0","1.4","index=""network_device"" sourcetype=""hotel""",,,,,
0,,,"0.NDI.31",Y,,Y,Demo,,gwhite,"1.4.0","1.4","index=""network_device"" sourcetype=""foxtrot""",,,,,
0,,,"0.NDI.32-1",Y,,Y,Demo,,gwhite,"1.4.0","1.4","index=""network_device"" sourcetype=""bravo""",,,,,
0,,,"0.NDI.32-2",Y,,Y,Demo,,swise,"1.4.0","1.4","index=""network_device"" sourcetype=""golf""",,,,,
0,,,"0.NDI.33-1",Y,,Y,Demo,,gwhite,"1.4.0","1.4","index=""network_device"" sourcetype=""bravo""",,,,,
0,,,"0.NDI.33-2",N,,N,Demo,,swise,"1.4.0","1.4","index=""network_device"" sourcetype=""delta""",,,,,
0,,,"0.NDI.34-1",Y,,Y,Demo,,gwhite,"1.4.0","1.4","index=""network_device"" sourcetype=""golf""",,,,,
0,,,"0.NDI.34-2",Y,,Y,Demo,,gwhite,"1.4.0","1.4","index=""network_device"" sourcetype=""delta""",,,,,
0,,,"0.NDI.35-1",Y,,Y,Demo,,swise,"1.4.0","1.4","index=""network_device"" sourcetype=""delta""",,,,,
0,,,"0.NDI.35-2",Y,,Y,Demo,,swise,"1.4.0","1.4","index=""network_device"" sourcetype=""foxtrot""",,,,,
0,,,"0.NDI.35-3",Y,,Y,Demo,,swise,"1.4.0","1.4","index=""network_device"" sourcetype=""hotel""",,,,,
0,,,"0.NDI.35-4",N,,N,Demo,,swise,"1.4.0","1.4","index=""network_device"" sourcetype=""foxtrot""",,,,,
0,,,"0.NDI.35-5",Y,,Y,Demo,,swise,"1.4.0","1.4","index=""network_device"" sourcetype=""bravo""",,,,,
0,,,"0.NDI.35-6",Y,Y,N,Demo,,gwhite,"1.4.0","1.4","index=""network_device"" sourcetype=""echo""",,,,,
0,,,"0.NDI.35-7",Y,,Y,Demo,,swise,"1.4.0","1.4","index=""network_device"" sourcetype=""alpha""",,,,,
0,,,"0.NDI.35-8",Y,,Y,Demo,,swise,"1.4.0","1.4","index=""network_device"" sourcetype=""hotel""",,,,,
0,,,"0.NDI.36-1",Y,Y,N,Demo,,gwhite,"1.4.0","1.4","index=""network_device"" sourcetype=""hotel""",,,,,
0,,,"0.NDI.36-2",Y,,Y,Demo,,swise,"1.4.0","1.4","index=""network_device"" sourcetype=""golf""",,,,,
0,,,"0.NDI.36-3",Y,,Y,Demo,,swise,"1.4.0","1.4","index=""network_device"" sourcetype=""indigo""",,,,,
0,,,"0.NDI.36-4",Y,,Y,Demo,,gwhite,"1.4.0","1.4","index=""network_device"" sourcetype=""echo""",,,,,
0,,,"0.NDI.36-5",Y,,Y,Demo,,gwhite,"1.4.0","1.4","index=""network_device"" sourcetype=""alpha""",,,,,
0,,,"0.NDI.36-6",Y,,Y,Demo,,gwhite,"1.4.0","1.4","index=""network_device"" sourcetype=""golf""",,,,,
0,,,"0.NDI.36-7",Y,,Y,Demo,,swise,"1.4.0","1.4","index=""network_device"" sourcetype=""foxtrot""",,,,,
0,,,"0.NDI.36-8",N,,Y,Demo,,swise,"1.4.0","1.4","index=""network_device"" sourcetype=""alpha""",,,,,
0,,,"0.NDI-Gen.1-1",Y,,Y,Demo,,gwhite,"1.4.0","1.4","index=""network_device"" sourcetype=""indigo""",,,,,
0,,,"0.NDI-Gen.1-2",Y,,Y,Demo,,gwhite,"1.4.0","1.4","index=""network_device"" sourcetype=""echo""",,,,,
0,,,"0.NDI-Gen.1-3",Y,,Y,Demo,,swise,"1.4.0","1.4","index=""network_device"" sourcetype=""delta""",,,,,
0,,,"0.NDI-Gen.1-4",Y,,Y,Demo,,swise,"1.4.0","1.4","index=""network_device"" sourcetype=""bravo""",,,,,
0,,,"0.NDI-Gen.1-5",Y,,Y,Demo,,swise,"1.4.0","1.4","index=""network_device"" sourcetype=""golf""",,,,,
0,,,"0.NDI-Gen.2",Y,,Y,Demo,,swise,"1.4.0","1.4","index=""network_device"" sourcetype=""charlie""",,,,,
0,,,"0.NDI-Gen.3",Y,,Y,Demo,,gwhite,"1.4.0","1.4","index=""network_device"" sourcetype=""foxtrot""",,,,,
0,,,"0.NDI-Gen.4",Y,,Y,Demo,,swise,"1.4.0","1.4","index=""network_device"" sourcetype=""delta""",,,,,
0,,,"0.NDI-Gen.5-1",Y,,Y,Demo,,gwhite,"1.4.0","1.4","index=""network_device"" sourcetype=""indigo""",,,,,
0,,,"0.NDI-Gen.5-2",Y,,Y,Demo,,swise,"1.4.0","1.4","index=""network_device"" sourcetype=""golf""",,,,,
0,,,"0.NDI-Gen.6",Y,,Y,Demo,,swise,"1.4.0","1.4","index=""network_device"" sourcetype=""hotel""",,,,,
0,,,"0.NDI-Gen.7",Y,,Y,Demo,,swise,"1.4.0","1.4","index=""network_device"" sourcetype=""juliet""",,,,,
0,,,"0.NDI-Gen.8",Y,,Y,Demo,,gwhite,"1.4.0","1.4","index=""network_device"" sourcetype=""bravo""",,,,,
0,,,"0.NDI-Gen.9-1",Y,,Y,Demo,,swise,"1.4.0","1.4","index=""network_device"" sourcetype=""hotel""",,,,,
0,,,"0.NDI-Gen.9-2",Y,,Y,Demo,,gwhite,"1.4.0","1.4","index=""network_device"" sourcetype=""hotel""",,,,,
0,,,"0.NDI-Gen.10",Y,,Y,Demo,,swise,"1.4.0","1.4","index=""network_device"" sourcetype=""charlie""",,,,,
0,,,"0.NDI-Gen.11-1",Y,,Y,Demo,,swise,"1.4.0","1.4","index=""network_device"" sourcetype=""hotel""",,,,,
0,,,"0.NDI-Gen.11-2",Y,,Y,Demo,,gwhite,"1.4.0","1.4","index=""network_device"" sourcetype=""charlie""",,,,,
0,,,"0.NDI-Multi.3",Y,,Y,Demo,,gwhite,"1.4.0","1.4","index=""network_device"" sourcetype=""indigo""",,,,,
0,,,"0.NDI-Multi.4-1",Y,,Y,Demo,,swise,"1.4.0","1.4","index=""network_device"" sourcetype=""foxtrot""",,,,,
0,,,"0.NDI-Multi.4-2",N,,N,Demo,,gwhite,"1.4.0","1.4","index=""network_device"" sourcetype=""charlie""",,,,,
0,,,"0.NDI-Multi.5-1",Y,Y,N,Demo,,swise,"1.4.0","1.4","index=""network_device"" sourcetype=""alpha""",,,,,
0,,,"0.NDI-Multi.5-2",Y,,Y,Demo,,swise,"1.4.0","1.4","index=""network_device"" sourcetype=""alpha""",,,,,
0,,,"0.NDI-Multi.6",Y,,Y,Demo,,gwhite,"1.4.0","1.4","index=""network_device"" sourcetype=""delta""",,,,,
0,,,"0.NDI-Multi.7",Y,,Y,Demo,,gwhite,"1.4.0","1.4","index=""network_device"" sourcetype=""alpha""",,,,,
0,,,"0.NDI-Multi.8",Y,,Y,Demo,,gwhite,"1.4.0","1.4","index=""network_device"" sourcetype=""foxtrot""",,,,,
0,,,"0.NDI-Multi.9-1",Y,,Y,Demo,,swise,"1.4.0","1.4","index=""network_device"" sourcetype=""foxtrot""",,,,,
0,,,"0.NDI-Multi.9-2",Y,,Y,Demo,,gwhite,"1.4.0","1.4","index=""network_device"" sourcetype=""foxtrot""",,,,,
0,,,"0.NDI-Multi.10-1",Y,Y,N,Demo,,swise,"1.4.0","1.4","index=""network_device"" sourcetype=""echo""",,,,,
0,,,"0.NDI-Multi.10-2",Y,,Y,Demo,,swise,"1.4.0","1.4","index=""network_device"" sourcetype=""foxtrot""",,,,,
0,,,"0.NDI-Multi.11",N,,N,Demo,,swise,"1.4.0","1.4","index=""network_device"" sourcetype=""foxtrot""",,,,,
0,,,"0.NDI-Multi.12",Y,,Y,Demo,,swise,"1.4.0","1.4","index=""network_device"" sourcetype=""bravo""",,,,,
0,,,"0.NDI-Multi.13",Y,,Y,Demo,,gwhite,"1.4.0","1.4","index=""network_device"" sourcetype=""alpha""",,,,,
0,,,"0.NDI-Multi.14",Y,,Y,Demo,,gwhite,"1.4.0","1.4","index=""network_device"" sourcetype=""golf""",,,,,
0,,,"0.NDI-Multi.15",Y,,Y,Demo,,swise,"1.4.0","1.4","index=""network_device"" sourcetype=""golf""",,,,,
0,,,"0.NDI-Multi.16",Y,,Y,Demo,,gwhite,"1.4.0","1.4","index=""network_device"" sourcetype=""alpha""",,,,,
0,,,"0.NDI-Multi.17",Y,,Y,Demo,,gwhite,"1.4.0","1.4","index=""network_device"" sourcetype=""charlie""",,,,,
0,,,"0.NDI-Multi.18",Y,Y,N,Demo,,swise,"1.4.0","1.4","index=""network_device"" sourcetype=""charlie""",,,,,
0,,,"0.NDI-Multi.19",Y,,Y,Demo,,gwhite,"1.4.0","1.4","index=""network_device"" sourcetype=""delta""",,,,,
0,,,"0.NDI-Multi.20",Y,,Y,Demo,,swise,"1.4.0","1.4","index=""network_device"" sourcetype=""alpha""",,,,,
0,,,"0.NDI-Multi.21",Y,,Y,Demo,,swise,"1.4.0","1.4","index=""network_device"" sourcetype=""indigo""",,,,,
0,,,"0.NDI-Multi.22",Y,,Y,Demo,,swise,"1.4.0","1.4","index=""network_device"" sourcetype=""echo""",,,,,
0,,,"0.NDI-Multi.23",N,,N,Demo,,gwhite,"1.4.0","1.4","index=""network_device"" sourcetype=""echo""",,,,,
0,,,"0.NDI-Multi.24",Y,,Y,Demo,,swise,"1.4.0","1.4","index=""network_device"" sourcetype=""foxtrot""",,,,,
0,,,"0.NDI-Multi.25",Y,,Y,Demo,,gwhite,"1.4.0","1.4","index=""network_device"" sourcetype=""delta""",,,,,
0,,,"0.NDI-Multi.26",Y,,Y,Demo,,gwhite,"1.4.0","1.4","index=""network_device"" sourcetype=""echo""",,,,,
0,,,"0.NDI-Multi.27-1",Y,,Y,Demo,,swise,"1.4.0","1.4","index=""network_device"" sourcetype=""echo""",,,,,
0,,,"0.NDI-Multi.27-2",Y,Y,N,Demo,,swise,"1.4.0","1.4","index=""network_device"" sourcetype=""indigo""",,,,,
0,,,"0.NDI-Multi.28",Y,,Y,Demo,,gwhite,"1.4.0","1.4","index=""network_device"" sourcetype=""bravo""",,,,,
0,,,"0.NDI-Multi.29",Y,,Y,Demo,,swise,"1.4.0","1.4","index=""network_device"" sourcetype=""charlie""",,,,,
0,,,"0.NDI-Multi.30",Y,,Y,Demo,,swise,"1.4.0","1.4","index=""network_device"" sourcetype=""indigo""",,,,,
0,,,"0.NDI-Multi.31-1",Y,,Y,Demo,,swise,"1.4.0","1.4","index=""network_device"" sourcetype=""charlie""",,,,,
0,,,"0.NDI-Multi.31-2",Y,,Y,Demo,,swise,"1.4.0","1.4","index=""network_device"" sourcetype=""delta""",,,,,
0,,,"0.NDI-Multi.31-3",Y,,Y,Demo,,swise,"1.4.0","1.4","index=""network_device"" sourcetype=""alpha""",,,,,
0,,,"0.NDI-Multi.32",Y,,Y,Demo,,swise,"1.4.0","1.4","index=""network_device"" sourcetype=""hotel""",,,,,
0,,,"0.NDI-Multi.33",Y,,Y,Demo,,swise,"1.4.0","1.4","index=""network_device"" sourcetype=""delta""",,,,,
0,,,"0.NDI-Multi.34-1",Y,,Y,Demo,,gwhite,"1.4.0","1.4","index=""network_device"" sourcetype=""delta""",,,,,
0,,,"0.NDI-Multi.34-2",Y,,Y,Demo,,gwhite,"1.4.0","1.4","index=""network_device"" sourcetype=""foxtrot""",,,,,
0,,,"0.NDI-Multi.35",N,,N,Demo,,swise,"1.4.0","1.4","index=""network_device"" sourcetype=""golf""",,,,,
0,,,"0.NDI-Multi.36",N,,Y,Demo,,gwhite,"1.4.0","1.4","index=""network_device"" sourcetype=""bravo""",,,,,
0,,,"0.NDI-Multi.37-1",Y,,Y,Demo,,gwhite,"1.4.0","1.4","index=""network_device"" sourcetype=""alpha""",,,,,
0,,,"0.NDI-Multi.37-2",Y,,Y,Demo,,gwhite,"1.4.0","1.4","index=""network_device"" sourcetype=""echo""",,,,,
0,,,"0.NDI-Multi.38",Y,,Y,Demo,,gwhite,"1.4.0","1.4","index=""network_device"" sourcetype=""hotel""",,,,,
0,,,"0.NDI-Multi.39-1",Y,,Y,Demo,,swise,"1.4.0","1.4","index=""network_device"" sourcetype=""juliet""",,,,,
0,,,"0.NDI-Multi.39-2",Y,,Y,Demo,,gwhite,"1.4.0","1.4","index=""network_device"" sourcetype=""alpha""",,,,,
0,,,"0.NDI-Multi.39-3",Y,,Y,Demo,,gwhite,"1.4.0","1.4","index=""network_device"" sourcetype=""golf""",,,,,
0,,,"0.NDI-Multi.40",Y,,Y,Demo,,gwhite,"1.4.0","1.4","index=""network_device"" sourcetype=""echo""",,,,,
0,,,"0.NDI-Multi.41",Y,,Y,Demo,,gwhite,"1.4.0","1.4","index=""network_device"" sourcetype=""alpha""",,,,,
0,,,"0.NDI-Multi.42-1",Y,,Y,Demo,,swise,"1.4.0","1.4","index=""network_device"" sourcetype=""echo""",,,,,
0,,,"0.NDI-Multi.42-2",Y,,Y,Demo,,gwhite,"1.4.0","1.4","index=""network_device"" sourcetype=""delta""",,,,,
0,,,"0.NDI-Multi.42-3",Y,,Y,Demo,,gwhite,"1.4.0","1.4","index=""network_device"" sourcetype=""juliet""",,,,,
0,,,"0.NDI.37",N,,N,Demo,,swise,"1.4.0","1.4","index=""network_device"" sourcetype=""charlie""",,,,,
0,,,"0.NDI.38",Y,,Y,Demo,,gwhite,"1.4.0","1.4","index=""network_device"" sourcetype=""golf""",,,,,
0,,,"0.NDI-AAA.1",Y,,Y,Demo,,gwhite,"1.4.0","1.4","index=""network_device"" sourcetype=""echo""",,,,,
0,,,"0.NDI-AAA.2-1",N,,N,Demo,,gwhite,"1.4.0","1.4","index=""network_device"" sourcetype=""bravo""",,,,,
0,,,"0.NDI-AAA.2-2",Y,,Y,Demo,,gwhite,"1.4.0","1.4","index=""network_device"" sourcetype=""juliet""",,,,,
0,,,"0.NDI-AAA.2-3",Y,,Y,Demo,,swise,"1.4.0","1.4","index=""network_device"" sourcetype=""hotel""",,,,,
0,,,"0.NDI-AAA.3-1",Y,,Y,Demo,,swise,"1.4.0","1.4","index=""network_device"" sourcetype=""juliet""",,,,,
0,,,"0.NDI-AAA.3-2",Y,Y,N,Demo,,swise,"1.4.0","1.4","index=""network_device"" sourcetype=""bravo""",,,,,
0,,,"0.NDI-AAA.3-3",Y,,Y,Demo,,gwhite,"1.4.0","1.4","index=""network_device"" sourcetype=""indigo""",,,,,
0,,,"0.NDI-AAA.4",Y,Y,N,Demo,,gwhite,"1.4.0","1.4","index=""network_device"" sourcetype=""alpha""",,,,,
0,,,"0.NDI-AAA.5",Y,,Y,Demo,,swise,"1.4.0","1.4","index=""network_device"" sourcetype=""charlie""",,,,,
0,,,"0.NDI-AAA.6-1",Y,Y,N,Demo,,gwhite,"1.4.0","1.4","index=""network_device"" sourcetype=""golf""",,,,,
0,,,"0.NDI-AAA.6-2",Y,,Y,Demo,,gwhite,"1.4.0","1.4","index=""network_device"" sourcetype=""indigo""",,,,,
0,,,"0.NDI-AAA.7-1",N,,N,Demo,,gwhite,"1.4.0","1.4","index=""network_device"" sourcetype=""bravo""",,,,,
0,,,"0.NDI-AAA.7-2",Y,,Y,Demo,,gwhite,"1.4.0","1.4","index=""network_device"" sourcetype=""echo""",,,,,
0,,,"0.NDI-AAA.8-1",Y,,Y,Demo,,gwhite,"1.4.0","1.4","index=""network_device"" sourcetype=""alpha""",,,,,
0,,,"0.NDI-AAA.8-2",Y,,Y,Demo,,gwhite,"1.4.0","1.4","index=""network_device"" sourcetype=""bravo""",,,,,
0,,,"0.NDI-AAA.9-1",Y,,Y,Demo,,gwhite,"1.4.0","1.4","index=""network_device"" sourcetype=""golf""",,,,,
0,,,"0.NDI-AAA.9-2",Y,,Y,Demo,,gwhite,"1.4.0","1.4","index=""network_device"" sourcetype=""golf""",,,,,
0,,,"0.NDI-AAA.9-3",Y,,Y,Demo,,gwhite,"1.4.0","1.4","index=""network_device"" sourcetype=""hotel""",,,,,
0,,,"0.NDI-AAA.9-4",Y,,Y,Demo,,swise,"1.4.0","1.4","index=""network_device"" sourcetype=""delta""",,,,,
0,,,"0.NDI-AAA.10",Y,,Y,Demo,,gwhite,"1.4.0","1.4","index=""network_device"" sourcetype=""foxtrot""",,,,,
0,,,"0.NDI-AAA.11",Y,,Y,Demo,,swise,"1.4.0","1.4","index=""network_device"" sourcetype=""juliet""",,,,,
0,,,"0.NDI-AAA.12",Y,,Y,Demo,,gwhite,"1.4.0","1.4","index=""network_device"" sourcetype=""alpha""",,,,,
0,,,"0.NDI-AAA.13",Y,,Y,Demo,,gwhite,"1.4.0","1.4","index=""network_device"" sourcetype=""charlie""",,,,,
0,,,"0.NDI-AAA.14",Y,,Y,Demo,,gwhite,"1.4.0","1.4","index=""network_device"" sourcetype=""charlie""",,,,,
0,,,"0.NDI-AAA.15",Y,Y,N,Demo,,swise,"1.4.0","1.4","index=""network_device"" sourcetype=""indigo""",,,,,
0,,,"0.NDI-AAA.16",Y,,Y,Demo,,swise,"1.4.0","1.4","index=""network_device"" sourcetype=""alpha""",,,,,
0,,,"0.NDI-AAA.17-1",Y,,Y,Demo,,swise,"1.4.0","1.4","index=""network_device"" sourcetype=""echo""",,,,,
0,,,"0.NDI-AAA.17-2",N,,N,Demo,,swise,"1.4.0","1.4","index=""network_device"" sourcetype=""hotel""",,,,,
0,,,"0.NDI-AAA.18",Y,,Y,Demo,,gwhite,"1.4.0","1.4","index=""network_device"" sourcetype=""charlie""",,,,,
0,,,"0.NDI-AAA.19",Y,,Y,Demo,,swise,"1.4.0","1.4","index=""network_device"" sourcetype=""juliet""",,,,,
0,,,"0.NDI-AAA.20-1",Y,,Y,Demo,,swise,"1.4.0","1.4","index=""network_device"" sourcetype=""delta""",,,,,
0,,,"0.NDI-AAA.20-2",Y,,Y,Demo,,swise,"1.4.0","1.4","index=""network_device"" sourcetype=""hotel""",,,,,
0,,,"0.NDI-AAA.20-3",Y,,Y,Demo,,swise,"1.4.0","1.4","index=""network_device"" sourcetype=""juliet""",,,,,
0,,,"0.NDI-AAA.20-4",Y,Y,N,Demo,,gwhite,"1.4.0","1.4","index=""network_device"" sourcetype=""indigo""",,,,,
0,,,"0.NDI-AAA.21-1",Y,,Y,Demo,,swise,"1.4.0","1.4","index=""network_device"" sourcetype=""hotel""",,,,,
0,,,"0.NDI-AAA.21-2",N,,N,Demo,,swise,"1.4.0","1.4","index=""network_device"" sourcetype=""golf""",,,,,
0,,,"0.NDI-AAA.22",Y,,Y,Demo,,swise,"1.4.0","1.4","index=""network_device"" sourcetype=""golf""",,,,,
0,,,"0.OS-Win.1-1",Y,,Y,Demo,,gwhite,"1.4.0","1.4","index=""operating_systems"" sourcetype=""bravo""",,,,,
0,,,"0.OS-Win.1-2",Y,,Y,Demo,,gwhite,"1.4.0","1.4","index=""operating_systems"" sourcetype=""alpha""",,,,,
0,,,"0.OS-Win.2",Y,,Y,Demo,,gwhite,"1.4.0","1.4","index=""operating_systems"" sourcetype=""bravo""",,,,,
0,,,"0.OS-Win.3-1",Y,,Y,Demo,,gwhite,"1.4.0","1.4","index=""operating_systems"" sourcetype=""juliet""",,,,,
0,,,"0.OS-Win.3-2",N,,N,Demo,,gwhite,"1.4.0","1.4","index=""operating_systems"" sourcetype=""hotel""",,,,,
0,,,"0.OS-Win.4-1",Y,,Y,Demo,,swise,"1.4.0","1.4","index=""operating_systems"" sourcetype=""bravo""",,,,,
0,,,"0.OS-Win.4-2",Y,,Y,Demo,,swise,"1.4.0","1.4","index=""operating_systems"" sourcetype=""juliet""",,,,,
0,,,"0.OS-Win.5-1",Y,,Y,Demo,,swise,"1.4.0","1.4","index=""operating_systems"" sourcetype=""echo""",,,,,
0,,,"0.OS-Win.5-2",Y,,Y,Demo,,swise,"1.4.0","1.4","index=""operating_systems"" sourcetype=""indigo""",,,,,
0,,,"0.OS-Win.6",Y,,Y,Demo,,gwhite,"1.4.0","1.4","index=""operating_systems"" sourcetype=""indigo""",,,,,
0,,,"0.OS-Win.7-1",Y,,Y,Demo,,swise,"1.4.0","1.4","index=""operating_systems"" sourcetype=""indigo""",,,,,
0,,,"0.OS-Win.7-2",Y,,Y,Demo,,swise,"1.4.0","1.4","index=""operating_systems"" sourcetype=""delta""",,,,,
0,,,"0.OS-Win.7-3",Y,,Y,Demo,,swise,"1.4.0","1.4","index=""operating_systems"" sourcetype=""juliet""",,,,,
0,,,"0.OS-Win.7-4",Y,,Y,Demo,,swise,"1.4.0","1.4","index=""operating_systems"" sourcetype=""indigo""",,,,,
0,,,"0.OS-Win.8-1",N,,N,Demo,,gwhite,"1.4.0","1.4","index=""operating_systems"" sourcetype=""charlie""",,,,,
0,,,"0.OS-Win.8-2",Y,,Y,Demo,,swise,"1.4.0","1.4","index=""operating_systems"" sourcetype=""alpha""",,,,,
0,,,"0.OS-Win.9",Y,,Y,Demo,,gwhite,"1.4.0","1.4","index=""operating_systems"" sourcetype=""hotel""",,,,,
0,,,"0.OS-Win.10",Y,,Y,Demo,,gwhite,"1.4.0","1.4","index=""operating_systems"" sourcetype=""bravo""",,,,,
0,,,"0.OS-Win.11-1",Y,,Y,Demo,,swise,"1.4.0","1.4","index=""operating_systems"" sourcetype=""echo""",,,,,
0,,,"0.OS-Win.11-2",Y,Y,N,Demo,,gwhite,"1.4.0","1.4","index=""operating_systems"" sourcetype=""hotel""",,,,,
0,,,"0.OS-Win.12-1",Y,,Y,Demo,,gwhite,"1.4.0","1.4","index=""operating_systems"" sourcetype=""delta""",,,,,
0,,,"0.OS-Win.12-2",Y,,Y,Demo,,swise,"1.4.0","1.4","index=""operating_systems"" sourcetype=""echo""",,,,,
0,,,"0.OS-Win.13",N,,Y,Demo,,swise,"1.4.0","1.4","index=""operating_systems"" sourcetype=""hotel""",,,,,
0,,,"0.OS-Win.14",Y,,Y,Demo,,swise,"1.4.0","1.4","index=""operating_systems"" sourcetype=""hotel""",,,,,
0,,,"0.OS-Win.15",Y,,Y,Demo,,swise,"1.4.0","1.4","index=""operating_systems"" sourcetype=""delta""",,,,,
0,,,"0.OS-Win.16-1",Y,Y,N,Demo,,swise,"1.4.0","1.4","index=""operating_systems"" sourcetype=""golf""",,,,,
0,,,"0.OS-Win.16-2",Y,Y,N,Demo,,gwhite,"1.4.0","1.4","index=""operating_systems"" sourcetype=""echo""",,,,,
0,,,"0.OS-Win.17",Y,,Y,Demo,,swise,"1.4.0","1.4","index=""operating_systems"" sourcetype=""foxtrot""",,,,,
0,,,"0.OS-Win.18-1",N,,N,Demo,,gwhite,"1.4.0","1.4","index=""operating_systems"" sourcetype=""foxtrot""",,,,,
0,,,"0.OS-Win.18-2",Y,,Y,Demo,,swise,"1.4.0","1.4","index=""operating_systems"" sourcetype=""echo""",,,,,
0,,,"0.OS-Win.19-1",Y,,Y,Demo,,swise,"1.4.0","1.4","index=""operating_systems"" sourcetype=""echo""",,,,,
0,,,"0.OS-Win.19-2",Y,,Y,Demo,,gwhite,"1.4.0","1.4","index=""operating_systems"" sourcetype=""delta""",,,,,
0,,,"0.OS-Win.20",Y,,Y,Demo,,gwhite,"1.4.0","1.4","index=""operating_systems"" sourcetype=""indigo""",,,,,
0,,,"0.OS-Win.21",Y,,Y,Demo,,gwhite,"1.4.0","1.4","index=""operating_systems"" sourcetype=""charlie""",,,,,
0,,,"0.OS-Win.22",Y,Y,N,Demo,,swise,"1.4.0","1.4","index=""operating_systems"" sourcetype=""indigo""",,,,,
0,,,"0.OS-Win.23",Y,,Y,Demo,,swise,"1.4.0","1.4","index=""operating_systems"" sourcetype=""foxtrot""",,,,,
0,,,"0.OS-Win.24",Y,,Y,Demo,,gwhite,"1.4.0","1.4","index=""operating_systems"" sourcetype=""bravo""",,,,,
0,,,"0.OS-Win.25",Y,,Y,Demo,,gwhite,"1.4.0","1.4","index=""operating_systems"" sourcetype=""hotel""",,,,,
0,,,"0.OS-Win.26",Y,Y,N,Demo,,swise,"1.4.0","1.4","index=""operating_systems"" sourcetype=""hotel""",,,,,
0,,,"0.OS-Win.27",Y,Y,N,Demo,,swise,"1.4.0","1.4","index=""operating_systems"" sourcetype=""charlie""",,,,,
0,,,"0.OS-Win.28",Y,,Y,Demo,,swise,"1.4.0","1.4","index=""operating_systems"" sourcetype=""charlie""",,,,,
0,,,"0.OS-Mac.1-1",Y,,Y,Demo,,swise,"1.4.0","1.4","index=""operating_systems"" sourcetype=""hotel""",,,,,
0,,,"0.OS-Mac.1-2",Y,,Y,Demo,,gwhite,"1.4.0","1.4","index=""operating_systems"" sourcetype=""charlie""",,,,,
0,,,"0.OS-Mac.2",Y,,Y,Demo,,gwhite,"1.4.0","1.4","index=""operating_systems"" sourcetype=""foxtrot""",,,,,
0,,,"0.OS-Mac.3-1",Y,,Y,Demo,,gwhite,"1.4.0","1.4","index=""operating_systems"" sourcetype=""echo""",,,,,
0,,,"0.OS-Mac.3-2",Y,,Y,Demo,,swise,"1.4.0","1.4","index=""operating_systems"" sourcetype=""bravo""",,,,,
0,,,"0.OS-Mac.4-1",Y,Y,N,Demo,,swise,"1.4.0","1.4","index=""operating_systems"" sourcetype=""juliet""",,,,,
0,,,"0.OS-Mac.4-2",Y,,Y,Demo,,swise,"1.4.0","1.4","index=""operating_systems"" sourcetype=""alpha""",,,,,
0,,,"0.OS-Mac.5-1",Y,,Y,Demo,,gwhite,"1.4.0","1.4","index=""operating_systems"" sourcetype=""bravo""",,,,,
0,,,"0.OS-Mac.5-2",Y,,Y,Demo,,swise,"1.4.0","1.4","index=""operating_systems"" sourcetype=""golf""",,,,,
0,,,"0.OS-Mac.6",Y,,Y,Demo,,gwhite,"1.4.0","1.4","index=""operating_systems"" sourcetype=""hotel""",,,,,
0,,,"0.OS-Mac.7-1",Y,,Y,Demo,,swise,"1.4.0","1.4","index=""operating_systems"" sourcetype=""echo""",,,,,
0,,,"0.OS-Mac.7-2",Y,,Y,Demo,,swise,"1.4.0","1.4","index=""operating_systems"" sourcetype=""foxtrot""",,,,,
0,,,"0.OS-Mac.8-1",Y,Y,N,Demo,,swise,"1.4.0","1.4","index=""operating_systems"" sourcetype=""delta""",,,,,
0,,,"0.OS-Mac.8-2",Y,,Y,Demo,,gwhite,"1.4.0","1.4","index=""operating_systems"" sourcetype=""echo""",,,,,
0,,,"0.OS-Mac.8-3",N,,N,Demo,,swise,"1.4.0","1.4","index=""operating_systems"" sourcetype=""charlie""",,,,,
0,,,"0.OS-Mac.8-4",Y,,Y,Demo,,swise,"1.4.0","1.4","index=""operating_systems"" sourcetype=""charlie""",,,,,
0,,,"0.OS-Mac.9-1",Y,,Y,Demo,,gwhite,"1.4.0","1.4","index=""operating_systems"" sourcetype=""bravo""",,,,,
0,,,"0.OS-Mac.9-2",Y,,Y,Demo,,gwhite,"1.4.0","1.4","index=""operating_systems"" sourcetype=""alpha""",,,,,
0,,,"0.OS-Mac.10",Y,,Y,Demo,,gwhite,"1.4.0","1.4","index=""operating_systems"" sourcetype=""echo""",,,,,
0,,,"0.OS-Mac.11",Y,,Y,Demo,,swise,"1.4.0","1.4","index=""operating_systems"" sourcetype=""delta""",,,,,
0,,,"0.OS-Mac.12-1",Y,,Y,Demo,,gwhite,"1.4.0","1.4","index=""operating_systems"" sourcetype=""alpha""",,,,,
0,,,"0.OS-Mac.12-2",Y,,Y,Demo,,swise,"1.4.0","1.4","index=""operating_systems"" sourcetype=""bravo""",,,,,
0,,,"0.OS-Mac.13-1",Y,,Y,Demo,,gwhite,"1.4.0","1.4","index=""operating_systems"" sourcetype=""bravo""",,,,,
0,,,"0.OS-Mac.13-2",Y,,Y,Demo,,swise,"1.4.0","1.4","index=""operating_systems"" sourcetype=""foxtrot""",,,,,
0,,,"0.OS-Mac.14",Y,Y,N,Demo,,gwhite,"1.4.0","1.4","index=""operating_systems"" sourcetype=""juliet""",,,,,
0,,,"0.OS-Mac.15",Y,,Y,Demo,,gwhite,"1.4.0","1.4","index=""operating_systems"" sourcetype=""alpha""",,,,,
0,,,"0.OS-Mac.16",Y,Y,N,Demo,,swise,"1.4.0","1.4","index=""operating_systems"" sourcetype=""alpha""",,,,,
0,,,"0.OS-Mac.17-1",Y,,Y,Demo,,swise,"1.4.0","1.4","index=""operating_systems"" sourcetype=""alpha""",,,,,
0,,,"0.OS-Mac.17-2",Y,,Y,Demo,,swise,"1.4.0","1.4","index=""operating_systems"" sourcetype=""indigo""",,,,,
0,,,"0.OS-Mac.18",Y,,Y,Demo,,swise,"1.4.0","1.4","index=""operating_systems"" sourcetype=""delta""",,,,,
0,,,"0.OS-Mac.19-1",Y,,Y,Demo,,gwhite,"1.4.0","1.4","index=""operating_systems"" sourcetype=""golf""",,,,,
0,,,"0.OS-Mac.19-2",Y,,Y,Demo,,gwhite,"1.4.0","1.4","index=""operating_systems"" sourcetype=""foxtrot""",,,,,
0,,,"0.OS-Mac.20-1",Y,,Y,Demo,,swise,"1.4.0","1.4","index=""operating_systems"" sourcetype=""juliet""",,,,,
0,,,"0.OS-Mac.20-2",Y,,Y,Demo,,swise,"1.4.0","1.4","index=""operating_systems"" sourcetype=""delta""",,,,,
0,,,"0.OS-Mac.21",N,,N,Demo,,gwhite,"1.4.0","1.4","index=""operating_systems"" sourcetype=""charlie""",,,,,
0,,,"0.OS-Mac.22",Y,,Y,Demo,,swise,"1.4.0","1.4","index=""operating_systems"" sourcetype=""alpha""",,,,,
0,,,"0.OS-Mac.23",Y,Y,N,Demo,,gwhite,"1.4.0","1.4","index=""operating_systems"" sourcetype=""golf""",,,,,
0,,,"0.OS-Mac.24",Y,,Y,Demo,,gwhite,"1.4.0","1.4","index=""operating_systems"" sourcetype=""bravo""",,,,,
0,,,"0.OS-Mac.25",Y,,Y,Demo,,swise,"1.4.0","1.4","index=""operating_systems"" sourcetype=""foxtrot""",,,,,
0,,,"0.OS-Mac.26-1",Y,,Y,Demo,,swise,"1.4.0","1.4","index=""operating_systems"" sourcetype=""golf""",,,,,
0,,,"0.OS-Mac.26-2",Y,,Y,Demo,,swise,"1.4.0","1.4","index=""operating_systems"" sourcetype=""juliet""",,,,,
0,,,"0.OS-Mac.27",Y,,Y,Demo,,swise,"1.4.0","1.4","index=""operating_systems"" sourcetype=""echo""",,,,,
0,,,"0.OS-Mac.28",Y,Y,N,Demo,,swise,"1.4.0","1.4","index=""operating_systems"" sourcetype=""hotel""",,,,,
0,,,"0.OS-Mac.29",Y,,Y,Demo,,swise,"1.4.0","1.4","index=""operating_systems"" sourcetype=""alpha""",,,,,
0,,,"0.OS-Mac.30",Y,,Y,Demo,,swise,"1.4.0","1.4","index=""operating_systems"" sourcetype=""hotel""",,,,,
0,,,"0.OS-Mac.31",Y,Y,N,Demo,,swise,"1.4.0","1.4","index=""operating_systems"" sourcetype=""alpha""",,,,,
0,,,"0.OS-Mac.32",N,,N,Demo,,swise,"1.4.0","1.4","index=""operating_systems"" sourcetype=""alpha""",,,,,
0,,,"0.OS-Mac.33",Y,,Y,Demo,,swise,"1.4.0","1.4","index=""operating_systems"" sourcetype=""foxtrot""",,,,,
0,,,"0.OS-Mac.34",Y,,Y,Demo,,gwhite,"1.4.0","1.4","index=""operating_systems"" sourcetype=""delta""",,,,,
0,,,"0.OS-BSD.1-1",Y,Y,N,Demo,,swise,"1.4.0","1.4","index=""operating_systems"" sourcetype=""juliet""",,,,,
0,,,"0.OS-BSD.1-2",Y,,Y,Demo,,swise,"1.4.0","1.4","index=""operating_systems"" sourcetype=""echo""",,,,,
0,,,"0.OS-BSD.2",Y,,Y,Demo,,gwhite,"1.4.0","1.4","index=""operating_systems"" sourcetype=""echo""",,,,,
0,,,"0.OS-BSD.3-1",Y,Y,N,Demo,,swise,"1.4.0","1.4","index=""operating_systems"" sourcetype=""hotel""",,,,,
0,,,"0.OS-BSD.3-2",Y,,Y,Demo,,swise,"1.4.0","1.4","index=""operating_systems"" sourcetype=""indigo""",,,,,
0,,,"0.OS-BSD.4-1",Y,,Y,Demo,,gwhite,"1.4.0","1.4","index=""operating_systems"" sourcetype=""juliet""",,,,,
0,,,"0.OS-BSD.4-2",Y,,Y,Demo,,gwhite,"1.4.0","1.4","index=""operating_systems"" sourcetype=""indigo""",,,,,
0,,,"0.OS-BSD.5-1",Y,,Y,Demo,,swise,"1.4.0","1.4","index=""operating_systems"" sourcetype=""charlie""",,,,,
0,,,"0.OS-BSD.5-2",Y,Y,N,Demo,,swise,"1.4.0","1.4","index=""operating_systems"" sourcetype=""delta""",,,,,
0,,,"0.OS-BSD.6",Y,,Y,Demo,,swise,"1.4.0","1.4","index=""operating_systems"" sourcetype=""juliet""",,,,,
0,,,"0.OS-BSD.7-1",Y,,Y,Demo,,gwhite,"1.4.0","1.4","index=""operating_systems"" sourcetype=""bravo""",,,,,
0,,,"0.OS-BSD.7-2",Y,,Y,Demo,,gwhite,"1.4.0","1.4","index=""operating_systems"" sourcetype=""alpha""",,,,,
0,,,"0.OS-BSD.7-3",Y,,Y,Demo,,gwhite,"1.4.0","1.4","index=""operating_systems"" sourcetype=""foxtrot""",,,,,
0,,,"0.OS-BSD.7-4",Y,,Y,Demo,,swise,"1.4.0","1.4","index=""operating_systems"" sourcetype=""delta""",,,,,
0,,,"0.OS-BSD.8-1",Y,,Y,Demo,,swise,"1.4.0","1.4","index=""operating_systems"" sourcetype=""echo""",,,,,
0,,,"0.OS-BSD.8-2",Y,,Y,Demo,,swise,"1.4.0","1.4","index=""operating_systems"" sourcetype=""alpha""",,,,,
0,,,"0.OS-BSD.9",N,,N,Demo,,gwhite,"1.4.0","1.4","index=""operating_systems"" sourcetype=""alpha""",,,,,
0,,,"0.OS-BSD.10",N,,N,Demo,,swise,"1.4.0","1.4","index=""operating_systems"" sourcetype=""hotel""",,,,,
0,,,"0.OS-BSD.11-1",Y,Y,N,Demo,,gwhite,"1.4.0","1.4","index=""operating_systems"" sourcetype=""charlie""",,,,,
0,,,"0.OS-BSD.11-2",Y,,Y,Demo,,swise,"1.4.0","1.4","index=""operating_systems"" sourcetype=""hotel""",,,,,
0,,,"0.OS-BSD.12-1",Y,,Y,Demo,,gwhite,"1.4.0","1.4","index=""operating_systems"" sourcetype=""bravo""",,,,,
0,,,"0.OS-BSD.12-2",Y,,Y,Demo,,gwhite,"1.4.0","1.4","index=""operating_systems"" sourcetype=""foxtrot""",,,,,
0,,,"0.OS-BSD.13",N,,N,Demo,,gwhite,"1.4.0","1.4","index=""operating_systems"" sourcetype=""bravo""",,,,,
0,,,"0.OS-BSD.14",N,,N,Demo,,swise,"1.4.0","1.4","index=""operating_systems"" sourcetype=""echo""",,,,,
0,,,"0.OS-BSD.15",N,,N,Demo,,swise,"1.4.0","1.4","index=""operating_systems"" sourcetype=""bravo""",,,,,
0,,,"0.OS-BSD.16-1",Y,,Y,Demo,,swise,"1.4.0","1.4","index=""operating_systems"" sourcetype=""foxtrot""",,,,,
0,,,"0.OS-BSD.16-2",Y,,Y,Demo,,swise,"1.4.0","1.4","index=""operating_systems"" sourcetype=""charlie""",,,,,
0,,,"0.OS-BSD.17",Y,,Y,Demo,,gwhite,"1.4.0","1.4","index=""operating_systems"" sourcetype=""hotel""",,,,,
0,,,"0.OS-BSD.18-1",Y,,Y,Demo,,swise,"1.4.0","1.4","index=""operating_systems"" sourcetype=""echo""",,,,,
0,,,"0.OS-BSD.18-2",Y,,Y,Demo,,swise,"1.4.0","1.4","index=""operating_systems"" sourcetype=""indigo""",,,,,
0,,,"0.OS-BSD.19-1",Y,,Y,Demo,,gwhite,"1.4.0","1.4","index=""operating_systems"" sourcetype=""bravo""",,,,,
0,,,"0.OS-BSD.19-2",Y,,Y,Demo,,gwhite,"1.4.0","1.4","index=""operating_systems"" sourcetype=""hotel""",,,,,
0,,,"0.OS-BSD.20",N,,N,Demo,,swise,"1.4.0","1.4","index=""operating_systems"" sourcetype=""echo""",,,,,
0,,,"0.OS-BSD.21",N,,N,Demo,,swise,"1.4.0","1.4","index=""operating_systems"" sourcetype=""delta""",,,,,
0,,,"0.OS-BSD.22",Y,,Y,Demo,,gwhite,"1.4.0","1.4","index=""operating_systems"" sourcetype=""bravo""",,,,,
0,,,"0.OS-BSD.23",Y,,Y,Demo,,swise,"1.4.0","1.4","index=""operating_systems"" sourcetype=""hotel""",,,,,
0,,,"0.OS-BSD.24",Y,,Y,Demo,,gwhite,"1.4.0","1.4","index=""operating_systems"" sourcetype=""foxtrot""",,,,,
0,,,"0.OS-BSD.25",Y,,Y,Demo,,swise,"1.4.0","1.4","index=""operating_systems"" sourcetype=""charlie""",,,,,
0,,,"0.OS-BSD.26",Y,,Y,Demo,,gwhite,"1.4.0","1.4","index=""operating_systems"" sourcetype=""golf""",,,,,
0,,,"0.OS-BSD.27",Y,,Y,Demo,,swise,"1.4.0","1.4","index=""operating_systems"" sourcetype=""delta""",,,,,
0,,,"0.OS-BSD.28",Y,,Y,Demo,,swise,"1.4.0","1.4","index=""operating_systems"" sourcetype=""alpha""",,,,,
0,,,"0.OS-BSD.29",Y,,Y,Demo,,gwhite,"1.4.0","1.4","index=""operating_systems"" sourcetype=""hotel""",,,,,
0,,,"0.OS-BSD.30",N,,N,Demo,,gwhite,"1.4.0","1.4","index=""operating_systems"" sourcetype=""delta""",,,,,
0,,,"0.OS-BSD.31",Y,,Y,Demo,,gwhite,"1.4.0","1.4","index=""operating_systems"" sourcetype=""indigo""",,,,,
0,,,"0.OS-BSD.32",Y,,Y,Demo,,gwhite,"1.4.0","1.4","index=""operating_systems"" sourcetype=""bravo""",,,,,
0,,,"0.OS-BSD.33",Y,,Y,Demo,,gwhite,"1.4.0","1.4","index=""operating_systems"" sourcetype=""indigo""",,,,,
0,,,"0.OS-BSD.34",Y,,Y,Demo,,swise,"1.4.0","1.4","index=""operating_systems"" sourcetype=""juliet""",,,,,
0,,,"0.OS-BSD.35-1",Y,,Y,Demo,,swise,"1.4.0","1.4","index=""operating_systems"" sourcetype=""foxtrot""",,,,,
0,,,"0.OS-BSD.35-2",Y,,Y,Demo,,gwhite,"1.4.0","1.4","index=""operating_systems"" sourcetype=""charlie""",,,,,
0,,,"0.OS-BSD.36-1",Y,,Y,Demo,,swise,"1.4.0","1.4","index=""operating_systems"" sourcetype=""bravo""",,,,,
0,,,"0.OS-BSD.36-2",Y,,Y,Demo,,swise,"1.4.0","1.4","index=""operating_systems"" sourcetype=""echo""",,,,,
0,,,"0.OS-BSD.37",Y,,Y,Demo,,gwhite,"1.4.0","1.4","index=""operating_systems"" sourcetype=""bravo""",,,,,
0,,,"0.OS-BSD.38",Y,Y,N,Demo,,swise,"1.4.0","1.4","index=""operating_systems"" sourcetype=""bravo""",,,,,
0,,,"0.OS-BSD.39",Y,,Y,Demo,,gwhite,"1.4.0","1.4","index=""operating_systems"" sourcetype=""delta""",,,,,
0,,,"0.OS-BSD.40",Y,,Y,Demo,,gwhite,"1.4.0","1.4","index=""operating_systems"" sourcetype=""indigo""",,,,,
0,,,"0.OS-BSD.41",Y,,Y,Demo,,gwhite,"1.4.0","1.4","index=""operating_systems"" sourcetype=""echo""",,,,,
0,,,"0.OS-BSD.42",Y,,Y,Demo,,swise,"1.4.0","1.4","index=""operating_systems"" sourcetype=""bravo""",,,,,
0,,,"0.OS-BSD.43",Y,,Y,Demo,,swise,"1.4.0","1.4","index=""operating_systems"" sourcetype=""golf""",,,,,
0,,,"0.Cloud-GenEvent.1",Y,Y,N,Demo,,swise,"1.4.0","1.4","index=""cloud_environments"" sourcetype=""foxtrot""",,,,,
0,,,"0.Cloud-GenEvent.2",Y,,Y,Demo,,swise,"1.4.0","1.4","index=""cloud_environments"" sourcetype=""charlie""",,,,,
0,,,"0.Cloud-GenEvent.3",Y,,Y,Demo,,swise,"1.4.0","1.4","index=""cloud_environments"" sourcetype=""echo""",,,,,
0,,,"0.Cloud-GenEvent.4",Y,,Y,Demo,,swise,"1.4.0","1.4","index=""cloud_environments"" sourcetype=""indigo""",,,,,
0,,,"0.Cloud-GenEvent.5",Y,,Y,Demo,,gwhite,"1.4.0","1.4","index=""cloud_environments"" sourcetype=""bravo""",,,,,
0,,,"0.Cloud-GenEvent.6",Y,,Y,Demo,,swise,"1.4.0","1.4","index=""cloud_environments"" sourcetype=""golf""",,,,,
0,,,"0.Cloud-GenEvent.7",Y,,Y,Demo,,swise,"1.4.0","1.4","index=""cloud_environments"" sourcetype=""bravo""",,,,,
0,,,"0.Cloud-GenEvent.8-1",Y,,Y,Demo,,swise,"1.4.0","1.4","index=""cloud_environments"" sourcetype=""hotel""",,,,,
0,,,"0.Cloud-GenEvent.8-2",N,,Y,Demo,,gwhite,"1.4.0","1.4","index=""cloud_environments"" sourcetype=""hotel""",,,,,
0,,,"0.Cloud-GenEvent.9",Y,,Y,Demo,,gwhite,"1.4.0","1.4","index=""cloud_environments"" sourcetype=""indigo""",,,,,
0,,,"0.Cloud-GenEvent.10-1",Y,,Y,Demo,,swise,"1.4.0","1.4","index=""cloud_environments"" sourcetype=""delta""",,,,,
0,,,"0.Cloud-GenEvent.10-2",N,,N,Demo,,gwhite,"1.4.0","1.4","index=""cloud_environments"" sourcetype=""delta""",,,,,
0,,,"0.Cloud-GenEvent.11-1",Y,Y,N,Demo,,gwhite,"1.4.0","1.4","index=""cloud_environments"" sourcetype=""juliet""",,,,,
0,,,"0.Cloud-GenEvent.11-2",Y,,Y,Demo,,swise,"1.4.0","1.4","index=""cloud_environments"" sourcetype=""juliet""",,,,,
0,,,"0.Cloud-GenEvent.11-3",Y,,Y,Demo,,swise,"1.4.0","1.4","index=""cloud_environments"" sourcetype=""indigo""",,,,,
0,,,"0.Cloud-GenEvent.12",N,,N,Demo,,gwhite,"1.4.0","1.4","index=""cloud_environments"" sourcetype=""indigo""",,,,,
0,,,"0.Cloud-GenEvent.13",N,,N,Demo,,gwhite,"1.4.0","1.4","index=""cloud_environments"" sourcetype=""charlie""",,,,,
0,,,"0.Cloud-GenLog.1",Y,Y,N,Demo,,swise,"1.4.0","1.4","index=""cloud_environments"" sourcetype=""echo""",,,,,
0,,,"0.Cloud-GenLog.2",Y,,Y,Demo,,gwhite,"1.4.0","1.4","index=""cloud_environments"" sourcetype=""hotel""",,,,,
0,,,"0.Cloud-GenLog.3",Y,,Y,Demo,,swise,"1.4.0","1.4","index=""cloud_environments"" sourcetype=""indigo""",,,,,
0,,,"0.Cloud-GenLog.4-1",Y,,Y,Demo,,swise,"1.4.0","1.4","index=""cloud_environments"" sourcetype=""juliet""",,,,,
0,,,"0.Cloud-GenLog.4-2",Y,,Y,Demo,,gwhite,"1.4.0","1.4","index=""cloud_environments"" sourcetype=""delta""",,,,,
0,,,"0.Cloud-GenLog.5",Y,Y,N,Demo,,gwhite,"1.4.0","1.4","index=""cloud_environments"" sourcetype=""juliet""",,,,,
0,,,"0.Cloud-GenLog.6",Y,,Y,Demo,,gwhite,"1.4.0","1.4","index=""cloud_environments"" sourcetype=""juliet""",,,,,
0,,,"0.Cloud-GenLog.7",Y,,Y,Demo,,swise,"1.4.0","1.4","index=""cloud_environments"" sourcetype=""bravo""",,,,,
0,,,"0.Cloud-GenLog.8-1",Y,,Y,Demo,,gwhite,"1.4.0","1.4","index=""cloud_environments"" sourcetype=""bravo""",,,,,
0,,,"0.Cloud-GenLog.8-2",Y,Y,N,Demo,,gwhite,"1.4.0","1.4","index=""cloud_environments"" sourcetype=""hotel""",,,,,
0,,,"0.Cloud-GenLog.9-1",Y,,Y,Demo,,swise,"1.4.0","1.4","index=""cloud_environments"" sourcetype=""alpha""",,,,,
0,,,"0.Cloud-GenLog.9-2",Y,,Y,Demo,,gwhite,"1.4.0","1.4","index=""cloud_environments"" sourcetype=""juliet""",,,,,
0,,,"0.Cloud-GenLog.10",Y,,Y,Demo,,gwhite,"1.4.0","1.4","index=""cloud_environments"" sourcetype=""juliet""",,,,,
0,,,"0.Cloud-GenLog.11-1",Y,,Y,Demo,,swise,"1.4.0","1.4","index=""cloud_environments"" sourcetype=""golf""",,,,,
0,,,"0.Cloud-GenLog.11-2",Y,,Y,Demo,,gwhite,"1.4.0","1.4","index=""cloud_environments"" sourcetype=""delta""",,,,,
0,,,"0.Cloud-AWS.1",Y,Y,N,Demo,,swise,"1.4.0","1.4","index=""cloud_aws"" sourcetype=""golf""",,,,,
0,,,"0.Cloud-AWS.2",Y,,Y,Demo,,gwhite,"1.4.0","1.4","index=""cloud_aws"" sourcetype=""foxtrot""",,,,,
0,,,"0.Cloud-AWS.3",Y,,Y,Demo,,swise,"1.4.0","1.4","index=""cloud_aws"" sourcetype=""juliet""",,,,,
0,,,"0.Cloud-AWS.4",Y,,Y,Demo,,swise,"1.4.0","1.4","index=""cloud_aws"" sourcetype=""charlie""",,,,,
0,,,"0.Cloud-AWS.5",Y,,Y,Demo,,swise,"1.4.0","1.4","index=""cloud_aws"" sourcetype=""indigo""",,,,,
0,,,"0.Cloud-AWS.6",Y,,Y,Demo,,swise,"1.4.0","1.4","index=""cloud_aws"" sourcetype=""foxtrot""",,,,,
0,,,"0.Cloud-AWS.7",Y,,Y,Demo,,gwhite,"1.4.0","1.4","index=""cloud_aws"" sourcetype=""echo""",,,,,
0,,,"0.Cloud-AWS.8",Y,,Y,Demo,,swise,"1.4.0","1.4","index=""cloud_aws"" sourcetype=""hotel""",,,,,
0,,,"0.Cloud-AWS.9",Y,,Y,Demo,,gwhite,"1.4.0","1.4","index=""cloud_aws"" sourcetype=""delta""",,,,,
0,,,"0.Cloud-Azure.1",Y,,Y,Demo,,gwhite,"1.4.0","1.4","index=""cloud_azure"" sourcetype=""bravo""",,,,,
0,,,"0.Cloud-Azure.2",N,,N,Demo,,gwhite,"1.4.0","1.4","index=""cloud_azure"" sourcetype=""hotel""",,,,,
0,,,"0.Cloud-Azure.3",Y,,Y,Demo,,swise,"1.4.0","1.4","index=""cloud_azure"" sourcetype=""hotel""",,,,,
0,,,"0.Cloud-GCP.1",Y,,Y,Demo,,swise,"1.4.0","1.4","index=""cloud_gcp"" sourcetype=""delta""",,,,,
0,,,"0.Cloud-GCP.2",Y,,Y,Demo,,swise,"1.4.0","1.4","index=""cloud_gcp"" sourcetype=""bravo""",,,,,
0,,,"0.Cloud-GCP.3",Y,,Y,Demo,,gwhite,"1.4.0","1.4","index=""cloud_gcp"" sourcetype=""juliet""",,,,,
0,,,"0.Cloud-GCP.4",Y,,Y,Demo,,gwhite,"1.4.0","1.4","index=""cloud_gcp"" sourcetype=""juliet""",,,,,
0,,,"0.Cloud-GCP.5",Y,,Y,Demo,,gwhite,"1.4.0","1.4","index=""cloud_gcp"" sourcetype=""echo""",,,,,
0,,,"0.Cloud-GCP.6",Y,,Y,Demo,,swise,"1.4.0","1.4","index=""cloud_gcp"" sourcetype=""charlie""",,,,,
0,,,"0.Cloud-GCP.7",Y,,Y,Demo,,swise,"1.4.0","1.4","index=""cloud_gcp"" sourcetype=""foxtrot""",,,,,
0,,,"0.Cloud-GCP.8",Y,Y,N,Demo,,swise,"1.4.0","1.4","index=""cloud_gcp"" sourcetype=""juliet""",,,,,
0,,,"0.Cloud-GCP.9",Y,,Y,Demo,,swise,"1.4.0","1.4","index=""cloud_gcp"" sourcetype=""delta""",,,,,
0,,,"0.Cloud-GCP.10",Y,,Y,Demo,,gwhite,"1.4.0","1.4","index=""cloud_gcp"" sourcetype=""echo""",,,,,
0,,,"0.Cloud-GCP.11",Y,,Y,Demo,,swise,"1.4.0","1.4","index=""cloud_gcp"" sourcetype=""delta""",,,,,
0,,,"0.Cloud-GCP.12",Y,,Y,Demo,,gwhite,"1.4.0","1.4","index=""cloud_gcp"" sourcetype=""hotel""",,,,,
0,,,"0.Cloud-GCP.13",Y,,Y,Demo,,swise,"1.4.0","1.4","index=""cloud_gcp"" sourcetype=""indigo""",,,,,
0,,,"0.Cloud-GCP.14",Y,,Y,Demo,,swise,"1.4.0","1.4","index=""cloud_gcp"" sourcetype=""delta""",,,,,
0,,,"0.Cloud-GCP.15",N,,Y,Demo,,swise,"1.4.0","1.4","index=""cloud_gcp"" sourcetype=""alpha""",,,,,
0,,,"0.Cloud-GCP.16",Y,,Y,Demo,,gwhite,"1.4.0","1.4","index=""cloud_gcp"" sourcetype=""echo""",,,,,
0,,,"0.Cloud-GCP.17",Y,,Y,Demo,,gwhite,"1.4.0","1.4","index=""cloud_gcp"" sourcetype=""bravo""",,,,,
0,,,"0.Cloud-GCP.18",N,,Y,Demo,,gwhite,"1.4.0","1.4","index=""cloud_gcp"" sourcetype=""juliet""",,,,,
0,,,"0.Cloud-GCP.19",Y,,Y,Demo,,gwhite,"1.4.0","1.4","index=""cloud_gcp"" sourcetype=""indigo""",,,,,
0,,,"0.Cloud-GCP.20",Y,,Y,Demo,,gwhite,"1.4.0","1.4","index=""cloud_gcp"" sourcetype=""indigo""",,,,,
0,,,"1.Sys.1-1",N,,N,Demo,,swise,"1.4.0","1.4","index=""system_configuration"" sourcetype=""hotel""",,,,,
0,,,"1.Sys.1-2",Y,Y,N,Demo,,gwhite,"1.4.0","1.4","index=""system_configuration"" sourcetype=""echo""",,,,,
0,,,"1.Sys.1-3",Y,,Y,Demo,,gwhite,"1.4.0","1.4","index=""system_configuration"" sourcetype=""indigo""",,,,,
0,,,"1.Sys.2",Y,,Y,Demo,,swise,"1.4.0","1.4","index=""system_configuration"" sourcetype=""golf""",,,,,
0,,,"1.Sys.3",N,,N,Demo,,swise,"1.4.0","1.4","index=""system_configuration"" sourcetype=""golf""",,,,,
0,,,"1.Sys.4",N,,N,Demo,,gwhite,"1.4.0","1.4","index=""system_configuration"" sourcetype=""alpha""",,,,,
0,,,"1.Auth.1",Y,,Y,Demo,,gwhite,"1.4.0","1.4","index=""authentication"" sourcetype=""charlie""",,,,,
0,,,"1.Auth.2",Y,,Y,Demo,,gwhite,"1.4.0","1.4","index=""authentication"" sourcetype=""hotel""",,,,,
0,,,"1.Auth.3",Y,,Y,Demo,,gwhite,"1.4.0","1.4","index=""authentication"" sourcetype=""indigo""",,,,,
0,,,"1.Auth.4-1",Y,,Y,Demo,,swise,"1.4.0","1.4","index=""authentication"" sourcetype=""echo""",,,,,
0,,,"1.Auth.4-2",Y,,Y,Demo,,gwhite,"1.4.0","1.4","index=""authentication"" sourcetype=""charlie""",,,,,
0,,,"1.Auth.5",N,,N,Demo,,swise,"1.4.0","1.4","index=""authentication"" sourcetype=""bravo""",,,,,
0,,,"1.Auth.6",N,,N,Demo,,gwhite,"1.4.0","1.4","index=""authentication"" sourcetype=""alpha""",,,,,
0,,,"1.Auth.7",N,,N,Demo,,swise,"1.4.0","1.4","index=""authentication"" sourcetype=""foxtrot""",,,,,
0,,,"1.Auth.8-1",N,,N,Demo,,gwhite,"1.4.0","1.4","index=""authentication"" sourcetype=""golf""",,,,,
0,,,"1.Auth.8-2",N,,N,Demo,,swise,"1.4.0","1.4","index=""authentication"" sourcetype=""golf""",,,,,
0,,,"1.Auth.9-1",Y,,Y,Demo,,swise,"1.4.0","1.4","index=""authentication"" sourcetype=""charlie""",,,,,
0,,,"1.Auth.9-2",N,,N,Demo,,swise,"1.4.0","1.4","index=""authentication"" sourcetype=""hotel""",,,,,
0,,,"1.Auth.10",Y,,Y,Demo,,gwhite,"1.4.0","1.4","index=""authentication"" sourcetype=""echo""",,,,,
0,,,"1.Auth.11",Y,Y,N,Demo,,gwhite,"1.4.0","1.4","index=""authentication"" sourcetype=""delta""",,,,,
0,,,"1.Auth.12",Y,,Y,Demo,,swise,"1.4.0","1.4","index=""authentication"" sourcetype=""foxtrot""",,,,,
0,,,"1.Auth.13",Y,Y,N,Demo,,gwhite,"1.4.0","1.4","index=""authentication"" sourcetype=""golf""",,,,,
0,,,"1.Email.1",Y,,Y,Demo,,swise,"1.4.0","1.4","index=""email"" sourcetype=""charlie""",,,,,
0,,,"1.AV.1",Y,,Y,Demo,,gwhite,"1.4.0","1.4","index=""antivirus"" sourcetype=""echo""",,,,,
0,,,"1.AV.2",Y,Y,N,Demo,,swise,"1.4.0","1.4","index=""antivirus"" sourcetype=""charlie""",,,,,
0,,,"1.AV.3",Y,,Y,Demo,,swise,"1.4.0","1.4","index=""antivirus"" sourcetype=""indigo""",,,,,
0,,,"1.AV.4",N,,Y,Demo,,gwhite,"1.4.0","1.4","index=""antivirus"" sourcetype=""hotel""",,,,,
0,,,"1.AV.5",N,,Y,Demo,,swise,"1.4.0","1.4","index=""antivirus"" sourcetype=""juliet""",,,,,
0,,,"1.AV.6-1",N,,N,Demo,,swise,"1.4.0","1.4","index=""antivirus"" sourcetype=""charlie""",,,,,
0,,,"1.AV.6-2",Y,,Y,Demo,,gwhite,"1.4.0","1.4","index=""antivirus"" sourcetype=""echo""",,,,,
0,,,"1.AV.6-3",N,,N,Demo,,gwhite,"1.4.0","1.4","index=""antivirus"" sourcetype=""juliet""",,,,,
0,,,"1.AV.7",N,,N,Demo,,swise,"1.4.0","1.4","index=""antivirus"" sourcetype=""juliet""",,,,,
0,,,"1.AV.8",Y,,Y,Demo,,swise,"1.4.0","1.4","index=""antivirus"" sourcetype=""charlie""",,,,,
0,,,"1.AV.9",Y,,Y,Demo,,gwhite,"1.4.0","1.4","index=""antivirus"" sourcetype=""indigo""",,,,,
0,,,"1.AV.10",N,,N,Demo,,swise,"1.4.0","1.4","index=""antivirus"" sourcetype=""golf""",,,,,
0,,,"1.AV.11",N,,N,Demo,,gwhite,"1.4.0","1.4","index=""antivirus"" sourcetype=""bravo""",,,,,
0,,,"1.AV.12",Y,,Y,Demo,,swise,"1.4.0","1.4","index=""antivirus"" sourcetype=""delta""",,,,,
0,,,"1.AV.13",Y,,Y,Demo,,swise,"1.4.0","1.4","index=""antivirus"" sourcetype=""echo""",,,,,
0,,,"1.AV.14",Y,,Y,Demo,,gwhite,"1.4.0","1.4","index=""antivirus"" sourcetype=""golf""",,,,,
0,,,"1.NDI.1",Y,,Y,Demo,,gwhite,"1.4.0","1.4","index=""network_device"" sourcetype=""juliet""",,,,,
0,,,"1.NDI.2",Y,,Y,Demo,,gwhite,"1.4.0","1.4","index=""network_device"" sourcetype=""charlie""",,,,,
0,,,"1.NDI.3",Y,Y,N,Demo,,gwhite,"1.4.0","1.4","index=""network_device"" sourcetype=""echo""",,,,,
0,,,"1.NDI.4",Y,,Y,Demo,,swise,"1.4.0","1.4","index=""network_device"" sourcetype=""juliet""",,,,,
0,,,"1.NDI.5",Y,,Y,Demo,,gwhite,"1.4.0","1.4","index=""network_device"" sourcetype=""foxtrot""",,,,,
0,,,"1.NDI.6",Y,,Y,Demo,,gwhite,"1.4.0","1.4","index=""network_device"" sourcetype=""alpha""",,,,,
0,,,"1.NDI-Multi.1-1",N,,N,Demo,,swise,"1.4.0","1.4","index=""network_device"" sourcetype=""golf""",,,,,
0,,,"1.NDI-Multi.1-2",Y,Y,N,Demo,,swise,"1.4.0","1.4","index=""network_device"" sourcetype=""golf""",,,,,
0,,,"1.NDI-Multi.2",Y,,Y,Demo,,gwhite,"1.4.0","1.4","index=""network_device"" sourcetype=""golf""",,,,,
0,,,"1.NDI-Multi.3-1",N,,N,Demo,,swise,"1.4.0","1.4","index=""network_device"" sourcetype=""delta""",,,,,
0,,,"1.NDI-Multi.3-2",Y,,Y,Demo,,swise,"1.4.0","1.4","index=""network_device"" sourcetype=""bravo""",,,,,
0,,,"1.NDI-Multi.4",Y,,Y,Demo,,gwhite,"1.4.0","1.4","index=""network_device"" sourcetype=""alpha""",,,,,
0,,,"1.NDI-Multi.5",Y,,Y,Demo,,gwhite,"1.4.0","1.4","index=""network_device"" sourcetype=""indigo""",,,,,
0,,,"1.NDI-Multi.6-1",N,,N,Demo,,gwhite,"1.4.0","1.4","index=""network_device"" sourcetype=""charlie""",,,,,
0,,,"1.NDI-Multi.6-2",Y,,Y,Demo,,gwhite,"1.4.0","1.4","index=""network_device"" sourcetype=""alpha""",,,,,
0,,,"1.NDI-Multi.7",N,,N,Demo,,gwhite,"1.4.0","1.4","index=""network_device"" sourcetype=""charlie""",,,,,
0,,,"1.NDI-Multi.8",Y,,Y,Demo,,gwhite,"1.4.0","1.4","index=""network_device"" sourcetype=""alpha""",,,,,
0,,,"1.NDI-Multi.9",Y,,Y,Demo,,swise,"1.4.0","1.4","index=""network_device"" sourcetype=""golf""",,,,,
0,,,"1.NDI-Multi.9-3",Y,,Y,Demo,,gwhite,"1.4.0","1.4","index=""network_device"" sourcetype=""delta""",,,,,
0,,,"1.NDI-Multi.9-4",N,,Y,Demo,,gwhite,"1.4.0","1.4","index=""network_device"" sourcetype=""charlie""",,,,,
0,,,"1.NDI-Multi.9-5",Y,,Y,Demo,,swise,"1.4.0","1.4","index=""network_device"" sourcetype=""bravo""",,,,,
0,,,"1.NDI-Multi.9-6",N,,N,Demo,,gwhite,"1.4.0","1.4","index=""network_device"" sourcetype=""echo""",,,,,
0,,,"1.NDI-Multi.9-7",N,,N,Demo,,gwhite,"1.4.0","1.4","index=""network_device"" sourcetype=""hotel""",,,,,
0,,,"1.NDI-Multi.10",N,,N,Demo,,gwhite,"1.4.0","1.4","index=""network_device"" sourcetype=""alpha""",,,,,
0,,,"1.NDI-Multi.11",Y,,Y,Demo,,swise,"1.4.0","1.4","index=""network_device"" sourcetype=""indigo""",,,,,
0,,,"1.NDI-Multi.12-1",N,,N,Demo,,gwhite,"1.4.0","1.4","index=""network_device"" sourcetype=""alpha""",,,,,
0,,,"1.NDI-Multi.12-2",Y,,Y,Demo,,swise,"1.4.0","1.4","index=""network_device"" sourcetype=""echo""",,,,,
0,,,"1.NDI-Multi.13",Y,,Y,Demo,,swise,"1.4.0","1.4","index=""network_device"" sourcetype=""bravo""",,,,,
0,,,"1.NDI-Multi.14",Y,,Y,Demo,,gwhite,"1.4.0","1.4","index=""network_device"" sourcetype=""foxtrot""",,,,,
0,,,"1.NDI-Multi.15-1",Y,,Y,Demo,,swise,"1.4.0","1.4","index=""network_device"" sourcetype=""juliet""",,,,,
0,,,"1.NDI-Multi.15-2",Y,,Y,Demo,,swise,"1.4.0","1.4","index=""network_device"" sourcetype=""foxtrot""",,,,,
0,,,"1.NDI-Multi.16",Y,,Y,Demo,,gwhite,"1.4.0","1.4","index=""network_device"" sourcetype=""delta""",,,,,
0,,,"1.NDI-Multi.17-1",N,,N,Demo,,swise,"1.4.0","1.4","index=""network_device"" sourcetype=""delta""",,,,,
0,,,"1.NDI-Multi.17-2",N,,Y,Demo,,swise,"1.4.0","1.4","index=""network_device"" sourcetype=""alpha""",,,,,
0,,,"1.NDI-Multi.18",N,,N,Demo,,swise,"1.4.0","1.4","index=""network_device"" sourcetype=""delta""",,,,,
0,,,"1.NDI-Multi.19",Y,,Y,Demo,,gwhite,"1.4.0","1.4","index=""network_device"" sourcetype=""juliet""",,,,,
0,,,"1.NDI-Multi.20",Y,,Y,Demo,,gwhite,"1.4.0","1.4","index=""network_device"" sourcetype=""hotel""",,,,,
0,,,"1.NDI-Multi.21-1",Y,,Y,Demo,,swise,"1.4.0","1.4","index=""network_device"" sourcetype=""indigo""",,,,,
0,,,"1.NDI-Multi.21-2",Y,,Y,Demo,,swise,"1.4.0","1.4","index=""network_device"" sourcetype=""juliet""",,,,,
0,,,"1.NDI-Multi.22-1",Y,,Y,Demo,,swise,"1.4.0","1.4","index=""network_device"" sourcetype=""bravo""",,,,,
0,,,"1.NDI-Multi.22-2",N,,N,Demo,,swise,"1.4.0","1.4","index=""network_device"" sourcetype=""golf""",,,,,
0,,,"1.NDI-Multi.23",N,,N,Demo,,swise,"1.4.0","1.4","index=""network_device"" sourcetype=""bravo""",,,,,
0,,,"1.NDI-Multi.24",Y,,Y,Demo,,gwhite,"1.4.0","1.4","index=""network_device"" sourcetype=""indigo""",,,,,
0,,,"1.NDI-Multi.25",N,,N,Demo,,gwhite,"1.4.0","1.4","index=""network_device"" sourcetype=""alpha""",,,,,
0,,,"1.NDI-Multi.26",N,,N,Demo,,gwhite,"1.4.0","1.4","index=""network_device"" sourcetype=""bravo""",,,,,
0,,,"1.NDI-Multi.27",N,,N,Demo,,swise,"1.4.0","1.4","index=""network_device"" sourcetype=""foxtrot""",,,,,
0,,,"1.NDI-Multi.28-1",Y,,Y,Demo,,swise,"1.4.0","1.4","index=""network_device"" sourcetype=""charlie""",,,,,
0,,,"1.NDI-Multi.28-2",Y,,Y,Demo,,swise,"1.4.0","1.4","index=""network_device"" sourcetype=""juliet""",,,,,
0,,,"1.NDI-Multi.29",Y,,Y,Demo,,swise,"1.4.0","1.4","index=""network_device"" sourcetype=""charlie""",,,,,
0,,,"1.NDI-Multi.30",N,,N,Demo,,swise,"1.4.0","1.4","index=""network_device"" sourcetype=""juliet""",,,,,
0,,,"1.NDI-Multi.31-1",Y,Y,N,Demo,,swise,"1.4.0","1.4","index=""network_device"" sourcetype=""alpha""",,,,,
0,,,"1.NDI-Multi.31-2",Y,,Y,Demo,,gwhite,"1.4.0","1.4","index=""network_device"" sourcetype=""bravo""",,,,,
0,,,"1.NDI-Multi.32-1",Y,,Y,Demo,,gwhite,"1.4.0","1.4","index=""network_device"" sourcetype=""charlie""",,,,,
0,,,"1.NDI-Multi.32-3",Y,,Y,Demo,,swise,"1.4.0","1.4","index=""network_device"" sourcetype=""hotel""",,,,,
0,,,"1.NDI-Multi.32-4",Y,,Y,Demo,,swise,"1.4.0","1.4","index=""network_device"" sourcetype=""indigo""",,,,,
0,,,"1.NDI-Multi.32-2",N,,N,Demo,,gwhite,"1.4.0","1.4","index=""network_device"" sourcetype=""alpha""",,,,,
0,,,"1.NDI-Multi.32-5",Y,Y,N,Demo,,swise,"1.4.0","1.4","index=""network_device"" sourcetype=""delta""",,,,,
0,,,"1.NDI-Multi.32-6",Y,,Y,Demo,,gwhite,"1.4.0","1.4","index=""network_device"" sourcetype=""delta""",,,,,
0,,,"1.NDI-Multi.33",Y,,Y,Demo,,gwhite,"1.4.0","1.4","index=""network_device"" sourcetype=""indigo""",,,,,
0,,,"1.NDI-Multi.34",N,,N,Demo,,gwhite,"1.4.0","1.4","index=""network_device"" sourcetype=""foxtrot""",,,,,
0,,,"1.NDI-Multi.35-1",N,,N,Demo,,gwhite,"1.4.0","1.4","index=""network_device"" sourcetype=""hotel""",,,,,
0,,,"1.NDI-Multi.35-2",Y,,Y,Demo,,gwhite,"1.4.0","1.4","index=""network_device"" sourcetype=""juliet""",,,,,
0,,,"1.NDI-Multi.36",Y,,Y,Demo,,swise,"1.4.0","1.4","index=""network_device"" sourcetype=""juliet""",,,,,
0,,,"1.NDI-Multi.37",N,,Y,Demo,,swise,"1.4.0","1.4","index=""network_device"" sourcetype=""echo""",,,,,
0,,,"1.PKI.1",Y,,Y,Demo,,swise,"1.4.0","1.4","index=""pki"" sourcetype=""echo""",,,,,
0,,,"1.PKI.2",Y,,Y,Demo,,swise,"1.4.0","1.4","index=""pki"" sourcetype=""foxtrot""",,,,,
0,,,"1.PKI.3",Y,Y,N,Demo,,swise,"1.4.0","1.4","index=""pki"" sourcetype=""foxtrot""",,,,,
0,,,"1.PKI.4",Y,,Y,Demo,,gwhite,"1.4.0","1.4","index=""pki"" sourcetype=""indigo""",,,,,
0,,,"1.PKI.5",Y,,Y,Demo,,swise,"1.4.0","1.4","index=""pki"" sourcetype=""bravo""",,,,,
0,,,"1.PKI.6",Y,,Y,Demo,,gwhite,"1.4.0","1.4","index=""pki"" sourcetype=""echo""",,,,,
0,,,"1.PKI.7",Y,,Y,Demo,,swise,"1.4.0","1.4","index=""pki"" sourcetype=""indigo""",,,,,
0,,,"1.PKI.8",Y,,Y,Demo,,gwhite,"1.4.0","1.4","index=""pki"" sourcetype=""delta""",,,,,
0,,,"1.PKI.9",Y,,Y,Demo,,swise,"1.4.0","1.4","index=""pki"" sourcetype=""golf""",,,,,
0,,,"1.Vuln.1",Y,,Y,Demo,,swise,"1.4.0","1.4","index=""vulnerability"" sourcetype=""delta""",,,,,
0,,,"1.Vuln.2",Y,Y,N,Demo,,gwhite,"1.4.0","1.4","index=""vulnerability"" sourcetype=""golf""",,,,,
0,,,"1.Vuln.3",Y,,Y,Demo,,gwhite,"1.4.0","1.4","index=""vulnerability"" sourcetype=""delta""",,,,,
0,,,"1.Vuln.4",Y,,Y,Demo,,swise,"1.4.0","1.4","index=""vulnerability"" sourcetype=""echo""",,,,,
0,,,"1.Vuln.5",Y,,Y,Demo,,gwhite,"1.4.0","1.4","index=""vulnerability"" sourcetype=""bravo""",,,,,
0,,,"1.Vuln.6",N,,N,Demo,,swise,"1.4.0","1.4","index=""vulnerability"" sourcetype=""echo""",,,,,
0,,,"1.Vuln.7",N,,Y,Demo,,swise,"1.4.0","1.4","index=""vulnerability"" sourcetype=""bravo""",,,,,
0,,,"1.Vuln.8",N,,N,Demo,,swise,"1.4.0","1.4","index=""vulnerability"" sourcetype=""juliet""",,,,,
0,,,"1.Vuln.9-1",Y,,Y,Demo,,swise,"1.4.0","1.4","index=""vulnerability"" sourcetype=""golf""",,,,,
0,,,"1.Vuln.9-2",Y,,Y,Demo,,swise,"1.4.0","1.4","index=""vulnerability"" sourcetype=""indigo""",,,,,
0,,,"1.DB.1",Y,,Y,Demo,,swise,"1.4.0","1.4","index=""database"" sourcetype=""foxtrot""",,,,,
0,,,"1.DB.2",N,,N,Demo,,gwhite,"1.4.0","1.4","index=""database"" sourcetype=""indigo""",,,,,
0,,,"1.DB.3-1",N,,N,Demo,,swise,"1.4.0","1.4","index=""database"" sourcetype=""delta""",,,,,
0,,,"1.DB.3-2",Y,,Y,Demo,,swise,"1.4.0","1.4","index=""database"" sourcetype=""hotel""",,,,,
0,,,"1.DB.3-3",Y,,Y,Demo,,gwhite,"1.4.0","1.4","index=""database"" sourcetype=""juliet""",,,,,
0,,,"1.DB.4-1",N,,Y,Demo,,gwhite,"1.4.0","1.4","index=""database"" sourcetype=""delta""",,,,,
0,,,"1.DB.4-2",N,,Y,Demo,,gwhite,"1.4.0","1.4","index=""database"" sourcetype=""delta""",,,,,
0,,,"1.DB.5",Y,,Y,Demo,,swise,"1.4.0","1.4","index=""database"" sourcetype=""alpha""",,,,,
0,,,"1.DB.6-1",Y,,Y,Demo,,swise,"1.4.0","1.4","index=""database"" sourcetype=""juliet""",,,,,
0,,,"1.DB.6-2",Y,,Y,Demo,,gwhite,"1.4.0","1.4","index=""database"" sourcetype=""delta""",,,,,
0,,,"1.DB.7",N,,Y,Demo,,gwhite,"1.4.0","1.4","index=""database"" sourcetype=""indigo""",,,,,
0,,,"1.DB.8",Y,,Y,Demo,,gwhite,"1.4.0","1.4","index=""database"" sourcetype=""foxtrot""",,,,,
0,,,"1.DB.9",N,,Y,Demo,,swise,"1.4.0","1.4","index=""database"" sourcetype=""indigo""",,,,,
0,,,"1.DB.10-1",N,,N,Demo,,swise,"1.4.0","1.4","index=""database"" sourcetype=""charlie""",,,,,
0,,,"1.DB.10-2",Y,,Y,Demo,,gwhite,"1.4.0","1.4","index=""database"" sourcetype=""bravo""",,,,,
0,,,"1.DB.11",Y,,Y,Demo,,swise,"1.4.0","1.4","index=""database"" sourcetype=""juliet""",,,,,
0,,,"1.DB.12",Y,,Y,Demo,,swise,"1.4.0","1.4","index=""database"" sourcetype=""foxtrot""",,,,,
0,,,"1.DB.13",Y,,Y,Demo,,gwhite,"1.4.0","1.4","index=""database"" sourcetype=""alpha""",,,,,
0,,,"1.DB.14",N,,N,Demo,,gwhite,"1.4.0","1.4","index=""database"" sourcetype=""echo""",,,,,
0,,,"1.DB.15",N,,N,Demo,,gwhite,"1.4.0","1.4","index=""database"" sourcetype=""charlie""",,,,,
0,,,"1.DB.16-1",Y,,Y,Demo,,gwhite,"1.4.0","1.4","index=""database"" sourcetype=""indigo""",,,,,
0,,,"1.DB.16-2",Y,,Y,Demo,,gwhite,"1.4.0","1.4","index=""database"" sourcetype=""bravo""",,,,,
0,,,"1.DB.17",Y,,Y,Demo,,gwhite,"1.4.0","1.4","index=""database"" sourcetype=""foxtrot""",,,,,
0,,,"1.App.1",Y,,Y,Demo,,swise,"1.4.0","1.4","index=""application"" sourcetype=""juliet""",,,,,
0,,,"1.App.2",N,,N,Demo,,swise,"1.4.0","1.4","index=""application"" sourcetype=""hotel""",,,,,
0,,,"1.App.3",Y,,Y,Demo,,gwhite,"1.4.0","1.4","index=""application"" sourcetype=""echo""",,,,,
0,,,"1.App.4",Y,,Y,Demo,,gwhite,"1.4.0","1.4","index=""application"" sourcetype=""alpha""",,,,,
0,,,"1.App.5",N,,N,Demo,,gwhite,"1.4.0","1.4","index=""application"" sourcetype=""charlie""",,,,,
0,,,"1.App.6",Y,,Y,Demo,,swise,"1.4.0","1.4","index=""application"" sourcetype=""foxtrot""",,,,,
0,,,"1.App.7",N,,N,Demo,,gwhite,"1.4.0","1.4","index=""application"" sourcetype=""echo""",,,,,
0,,,"1.App.8",Y,,Y,Demo,,gwhite,"1.4.0","1.4","index=""application"" sourcetype=""hotel""",,,,,
0,,,"1.App.9",Y,,Y,Demo,,swise,"1.4.0","1.4","index=""application"" sourcetype=""alpha""",,,,,
0,,,"1.App.10",Y,,Y,Demo,,gwhite,"1.4.0","1.4","index=""application"" sourcetype=""alpha""",,,,,
0,,,"1.Virt.1",N,,N,Demo,,swise,"1.4.0","1.4","index=""virtualization"" sourcetype=""alpha""",,,,,
0,,,"1.Virt.2",N,,Y,Demo,,gwhite,"1.4.0","1.4","index=""virtualization"" sourcetype=""juliet""",,,,,
0,,,"1.Virt.3-1",Y,Y,N,Demo,,gwhite,"1.4.0","1.4","index=""virtualization"" sourcetype=""indigo""",,,,,
0,,,"1.Virt.3-2",Y,,Y,Demo,,swise,"1.4.0","1.4","index=""virtualization"" sourcetype=""foxtrot""",,,,,
0,,,"1.Virt.3-3",Y,,Y,Demo,,swise,"1.4.0","1.4","index=""virtualization"" sourcetype=""juliet""",,,,,
0,,,"1.Virt.3-4",Y,,Y,Demo,,swise,"1.4.0","1.4","index=""virtualization"" sourcetype=""echo""",,,,,
0,,,"1.Virt.3-5",Y,,Y,Demo,,gwhite,"1.4.0","1.4","index=""virtualization"" sourcetype=""charlie""",,,,,
0,,,"1.Virt.3-6",Y,Y,N,Demo,,gwhite,"1.4.0","1.4","index=""virtualization"" sourcetype=""indigo""",,,,,
0,,,"1.Virt.3-7",Y,,Y,Demo,,gwhite,"1.4.0","1.4","index=""virtualization"" sourcetype=""charlie""",,,,,
0,,,"1.Virt.3-8",Y,,Y,Demo,,gwhite,"1.4.0","1.4","index=""virtualization"" sourcetype=""delta""",,,,,
0,,,"1.Virt.4",Y,Y,N,Demo,,gwhite,"1.4.0","1.4","index=""virtualization"" sourcetype=""foxtrot""",,,,,
0,,,"1.Virt.5",N,,N,Demo,,gwhite,"1.4.0","1.4","index=""virtualization"" sourcetype=""indigo""",,,,,
0,,,"1.Virt.6",N,,Y,Demo,,gwhite,"1.4.0","1.4","index=""virtualization"" sourcetype=""charlie""",,,,,
0,,,"1.Virt.7",Y,,Y,Demo,,gwhite,"1.4.0","1.4","index=""virtualization"" sourcetype=""charlie""",,,,,
0,,,"1.Virt.8",N,,N,Demo,,swise,"1.4.0","1.4","index=""virtualization"" sourcetype=""foxtrot""",,,,,
0,,,"1.Virt.9",Y,,Y,Demo,,swise,"1.4.0","1.4","index=""virtualization"" sourcetype=""juliet""",,,,,
0,,,"1.Virt.10",Y,,Y,Demo,,gwhite,"1.4.0","1.4","index=""virtualization"" sourcetype=""hotel""",,,,,
0,,,"1.Virt.11",Y,,Y,Demo,,swise,"1.4.0","1.4","index=""virtualization"" sourcetype=""juliet""",,,,,
0,,,"1.Virt.12",Y,,Y,Demo,,gwhite,"1.4.0","1.4","index=""virtualization"" sourcetype=""juliet""",,,,,
0,,,"1.Virt.13",N,,N,Demo,,swise,"1.4.0","1.4","index=""virtualization"" sourcetype=""alpha""",,,,,
0,,,"1.Virt.14",Y,,Y,Demo,,swise,"1.4.0","1.4","index=""virtualization"" sourcetype=""golf""",,,,,
0,,,"1.Virt.15-1",Y,,Y,Demo,,swise,"1.4.0","1.4","index=""virtualization"" sourcetype=""foxtrot""",,,,,
0,,,"1.Virt.15-2",Y,,Y,Demo,,gwhite,"1.4.0","1.4","index=""virtualization"" sourcetype=""hotel""",,,,,
0,,,"1.Virt.16-1",Y,,Y,Demo,,gwhite,"1.4.0","1.4","index=""virtualization"" sourcetype=""alpha""",,,,,
0,,,"1.Virt.16-2",Y,,Y,Demo,,gwhite,"1.4.0","1.4","index=""virtualization"" sourcetype=""charlie""",,,,,
0,,,"1.Virt.17",Y,,Y,Demo,,swise,"1.4.0","1.4","index=""virtualization"" sourcetype=""foxtrot""",,,,,
0,,,"1.Virt.18",N,,Y,Demo,,gwhite,"1.4.0","1.4","index=""virtualization"" sourcetype=""foxtrot""",,,,,
0,,,"1.Virt.19-1",Y,,Y,Demo,,gwhite,"1.4.0","1.4","index=""virtualization"" sourcetype=""delta""",,,,,
0,,,"1.Virt.19-2",Y,,Y,Demo,,gwhite,"1.4.0","1.4","index=""virtualization"" sourcetype=""alpha""",,,,,
0,,,"1.Mobile-Server.1",N,,Y,Demo,,gwhite,"1.4.0","1.4","index=""mobile"" sourcetype=""hotel""",,,,,
0,,,"1.Mobile-Server.2",Y,,Y,Demo,,gwhite,"1.4.0","1.4","index=""mobile"" sourcetype=""golf""",,,,,
0,,,"1.Mobile-Server.3",N,,Y,Demo,,swise,"1.4.0","1.4","index=""mobile"" sourcetype=""echo""",,,,,
0,,,"1.Mobile-Server.4",Y,,Y,Demo,,gwhite,"1.4.0","1.4","index=""mobile"" sourcetype=""charlie""",,,,,
0,,,"1.Mobile-Server.5",Y,,Y,Demo,,swise,"1.4.0","1.4","index=""mobile"" sourcetype=""charlie""",,,,,
0,,,"1.Mobile-Server.6",Y,,Y,Demo,,gwhite,"1.4.0","1.4","index=""mobile"" sourcetype=""bravo""",,,,,
0,,,"1.Mobile-Server.7",Y,,Y,Demo,,swise,"1.4.0","1.4","index=""mobile"" sourcetype=""echo""",,,,,
0,,,"1.Mobile-Agent.1",N,,N,Demo,,gwhite,"1.4.0","1.4","index=""mobile"" sourcetype=""juliet""",,,,,
0,,,"1.Mobile-Agent.2",Y,Y,N,Demo,,gwhite,"1.4.0","1.4","index=""mobile"" sourcetype=""juliet""",,,,,
0,,,"1.Mobile-Agent.3-1",Y,,Y,Demo,,gwhite,"1.4.0","1.4","index=""mobile"" sourcetype=""hotel""",,,,,
0,,,"1.Mobile-Agent.3-2",Y,,Y,Demo,,swise,"1.4.0","1.4","index=""mobile"" sourcetype=""hotel""",,,,,
0,,,"1.Mobile-Agent.4",Y,,Y,Demo,,gwhite,"1.4.0","1.4","index=""mobile"" sourcetype=""alpha""",,,,,
0,,,"1.Mobile-Agent.5",Y,,Y,Demo,,gwhite,"1.4.0","1.4","index=""mobile"" sourcetype=""charlie""",,,,,
0,,,"1.Mobile-Agent.6-1",Y,,Y,Demo,,swise,"1.4.0","1.4","index=""mobile"" sourcetype=""foxtrot""",,,,,
0,,,"1.Mobile-Agent.6-2",Y,,Y,Demo,,gwhite,"1.4.0","1.4","index=""mobile"" sourcetype=""delta""",,,,,
0,,,"1.Mobile-Agent.6-3",Y,,Y,Demo,,swise,"1.4.0","1.4","index=""mobile"" sourcetype=""bravo""",,,,,
0,,,"1.Mobile-Agent.6-4",N,,Y,Demo,,swise,"1.4.0","1.4","index=""mobile"" sourcetype=""delta""",,,,,
0,,,"1.Mobile-Agent.7",Y,Y,N,Demo,,gwhite,"1.4.0","1.4","index=""mobile"" sourcetype=""foxtrot""",,,,,
0,,,"1.Mobile-Agent.8-1",Y,,Y,Demo,,swise,"1.4.0","1.4","index=""mobile"" sourcetype=""hotel""",,,,,
0,,,"1.Mobile-Agent.8-2",Y,Y,N,Demo,,gwhite,"1.4.0","1.4","index=""mobile"" sourcetype=""delta""",,,,,
0,,,"1.Mobile-Agent.8-3",Y,,Y,Demo,,gwhite,"1.4.0","1.4","index=""mobile"" sourcetype=""indigo""",,,,,
0,,,"1.Mobile-Agent.9",N,,N,Demo,,swise,"1.4.0","1.4","index=""mobile"" sourcetype=""golf""",,,,,
0,,,"1.Mobile-Agent.10",Y,,Y,Demo,,swise,"1.4.0","1.4","index=""mobile"" sourcetype=""golf""",,,,,
0,,,"1.Mobile-Agent.11-1",N,,N,Demo,,gwhite,"1.4.0","1.4","index=""mobile"" sourcetype=""indigo""",,,,,
0,,,"1.Mobile-Agent.11-2",Y,,Y,Demo,,gwhite,"1.4.0","1.4","index=""mobile"" sourcetype=""foxtrot""",,,,,
0,,,"1.Mobile-Agent.11-3",N,,N,Demo,,swise,"1.4.0","1.4","index=""mobile"" sourcetype=""bravo""",,,,,
0,,,"1.Mobile-Agent.12",Y,,Y,Demo,,gwhite,"1.4.0","1.4","index=""mobile"" sourcetype=""echo""",,,,,
0,,,"1.Mobile-Agent.13",Y,,Y,Demo,,swise,"1.4.0","1.4","index=""mobile"" sourcetype=""juliet""",,,,,
0,,,"1.Mobile-Agent.14",N,,Y,Demo,,swise,"1.4.0","1.4","index=""mobile"" sourcetype=""indigo""",,,,,
0,,,"1.Mobile-Agent.15",Y,,Y,Demo,,gwhite,"1.4.0","1.4","index=""mobile"" sourcetype=""hotel""",,,,,
0,,,"1.Mobile-Agent.16",Y,,Y,Demo,,gwhite,"1.4.0","1.4","index=""mobile"" sourcetype=""golf""",,,,,
0,,,"1.Mobile-Agent.17-1",Y,,Y,Demo,,gwhite,"1.4.0","1.4","index=""mobile"" sourcetype=""indigo""",,,,,
0,,,"1.Mobile-Agent.17-2",Y,,Y,Demo,,swise,"1.4.0","1.4","index=""mobile"" sourcetype=""bravo""",,,,,
0,,,"1.Mobile-Agent.18",Y,,Y,Demo,,swise,"1.4.0","1.4","index=""mobile"" sourcetype=""echo""",,,,,
0,,,"1.Mobile-Agent.19",Y,,Y,Demo,,swise,"1.4.0","1.4","index=""mobile"" sourcetype=""charlie""",,,,,
0,,,"1.Mobile-Agent.20-1",N,,Y,Demo,,gwhite,"1.4.0","1.4","index=""mobile"" sourcetype=""juliet""",,,,,
0,,,"1.Mobile-Agent.20-2",Y,Y,N,Demo,,swise,"1.4.0","1.4","index=""mobile"" sourcetype=""indigo""",,,,,
0,,,"1.Mobile-Agent.21",Y,,Y,Demo,,swise,"1.4.0","1.4","index=""mobile"" sourcetype=""hotel""",,,,,
0,,,"1.Mobile-Agent.22",Y,,Y,Demo,,swise,"1.4.0","1.4","index=""mobile"" sourcetype=""foxtrot""",,,,,
0,,,"1.Mobile-Agent.23",Y,,Y,Demo,,gwhite,"1.4.0","1.4","index=""mobile"" sourcetype=""juliet""",,,,,
0,,,"1.Mobile-Agent.24",Y,Y,N,Demo,,swise,"1.4.0","1.4","index=""mobile"" sourcetype=""juliet""",,,,,
0,,,"1.Mobile-Agent.25",Y,,Y,Demo,,swise,"1.4.0","1.4","index=""mobile"" sourcetype=""echo""",,,,,
0,,,"1.Mobile-Agent.26",Y,,Y,Demo,,gwhite,"1.4.0","1.4","index=""mobile"" sourcetype=""charlie""",,,,,
0,,,"1.Mobile-Agent.27",Y,,Y,Demo,,swise,"1.4.0","1.4","index=""mobile"" sourcetype=""juliet""",,,,,
0,,,"1.Mobile-Agent.28",N,,Y,Demo,,gwhite,"1.4.0","1.4","index=""mobile"" sourcetype=""echo""",,,,,
0,,,"1.Mobile-Agent.29",Y,,Y,Demo,,gwhite,"1.4.0","1.4","index=""mobile"" sourcetype=""charlie""",,,,,
0,,,"1.Mobile-Agent.30-1",Y,Y,N,Demo,,swise,"1.4.0","1.4","index=""mobile"" sourcetype=""alpha""",,,,,
0,,,"1.Mobile-Agent.30-2",N,,N,Demo,,gwhite,"1.4.0","1.4","index=""mobile"" sourcetype=""bravo""",,,,,
0,,,"1.Mobile-Agent.31",Y,,Y,Demo,,swise,"1.4.0","1.4","index=""mobile"" sourcetype=""charlie""",,,,,
0,,,"1.Mobile-Agent.32",N,,N,Demo,,swise,"1.4.0","1.4","index=""mobile"" sourcetype=""foxtrot""",,,,,
0,,,"1.Mobile-Agent.33",Y,,Y,Demo,,gwhite,"1.4.0","1.4","index=""mobile"" sourcetype=""echo""",,,,,
0,,,"1.Mobile-Agent.34",N,,Y,Demo,,swise,"1.4.0","1.4","index=""mobile"" sourcetype=""indigo""",,,,,
0,,,"1.Mobile-Agent.35",Y,,Y,Demo,,gwhite,"1.4.0","1.4","index=""mobile"" sourcetype=""bravo""",,,,,
0,,,"1.Mobile-Agent.36-1",Y,,Y,Demo,,swise,"1.4.0","1.4","index=""mobile"" sourcetype=""charlie""",,,,,
0,,,"1.Mobile-Agent.36-2",Y,,Y,Demo,,swise,"1.4.0","1.4","index=""mobile"" sourcetype=""hotel""",,,,,
0,,,"1.Mobile-Agent.37",Y,,Y,Demo,,gwhite,"1.4.0","1.4","index=""mobile"" sourcetype=""foxtrot""",,,,,
0,,,"1.Mobile-Agent.38",N,,N,Demo,,gwhite,"1.4.0","1.4","index=""mobile"" sourcetype=""juliet""",,,,,
0,,,"1.Mobile-Agent.39",Y,Y,N,Demo,,gwhite,"1.4.0","1.4","index=""mobile"" sourcetype=""bravo""",,,,,
0,,,"1.Mobile-Agent.40-1",Y,,Y,Demo,,swise,"1.4.0","1.4","index=""mobile"" sourcetype=""foxtrot""",,,,,
0,,,"1.Mobile-Agent.40-2",Y,,Y,Demo,,gwhite,"1.4.0","1.4","index=""mobile"" sourcetype=""golf""",,,,,
0,,,"1.Mobile-Agent.41",Y,,Y,Demo,,swise,"1.4.0","1.4","index=""mobile"" sourcetype=""charlie""",,,,,
0,,,"1.Mobile-Agent.42",N,,N,Demo,,gwhite,"1.4.0","1.4","index=""mobile"" sourcetype=""delta""",,,,,
0,,,"1.Mobile-Agent.43",N,,N,Demo,,swise,"1.4.0","1.4","index=""mobile"" sourcetype=""hotel""",,,,,
0,,,"1.Mobile-Agent.44",Y,,Y,Demo,,swise,"1.4.0","1.4","index=""mobile"" sourcetype=""alpha""",,,,,
0,,,"1.Mobile-Agent.45-1",N,,N,Demo,,swise,"1.4.0","1.4","index=""mobile"" sourcetype=""indigo""",,,,,
0,,,"1.Mobile-Agent.45-2",N,,N,Demo,,gwhite,"1.4.0","1.4","index=""mobile"" sourcetype=""hotel""",,,,,
0,,,"1.Mobile-Agent.45-3",Y,,Y,Demo,,gwhite,"1.4.0","1.4","index=""mobile"" sourcetype=""charlie""",,,,,
0,,,"1.Mobile-Agent.46",Y,,Y,Demo,,swise,"1.4.0","1.4","index=""mobile"" sourcetype=""echo""",,,,,
0,,,"1.Mobile-Agent.47",Y,,Y,Demo,,swise,"1.4.0","1.4","index=""mobile"" sourcetype=""charlie""",,,,,
0,,,"1.Mobile-Agent.48",Y,,Y,Demo,,gwhite,"1.4.0","1.4","index=""mobile"" sourcetype=""echo""",,,,,
0,,,"1.Mobile-Agent.49",N,,N,Demo,,gwhite,"1.4.0","1.4","index=""mobile"" sourcetype=""juliet""",,,,,
0,,,"1.Con-Chain.1",Y,,Y,Demo,,gwhite,"1.4.0","1.4","index=""container"" sourcetype=""juliet""",,,,,
0,,,"1.Con-Chain.2",Y,,Y,Demo,,swise,"1.4.0","1.4","index=""container"" sourcetype=""charlie""",,,,,
0,,,"1.Con-Chain.3",Y,,Y,Demo,,swise,"1.4.0","1.4","index=""container"" sourcetype=""hotel""",,,,,
0,,,"1.Con-Chain.4-1",Y,,Y,Demo,,swise,"1.4.0","1.4","index=""container"" sourcetype=""bravo""",,,,,
0,,,"1.Con-Chain.4-2",Y,,Y,Demo,,swise,"1.4.0","1.4","index=""container"" sourcetype=""golf""",,,,,
0,,,"2.Sys.1",N,,N,Demo,,gwhite,"1.4.0","1.4","index=""system_configuration"" sourcetype=""alpha""",,,,,
0,,,"2.Sys.2",Y,,Y,Demo,,swise,"1.4.0","1.4","index=""system_configuration"" sourcetype=""juliet""",,,,,
0,,,"2.Email.1",N,,N,Demo,,gwhite,"1.4.0","1.4","index=""email"" sourcetype=""golf""",,,,,
0,,,"2.Email.2-1",N,,N,Demo,,gwhite,"1.4.0","1.4","index=""email"" sourcetype=""alpha""",,,,,
0,,,"2.Email.2-2",N,,Y,Demo,,swise,"1.4.0","1.4","index=""email"" sourcetype=""charlie""",,,,,
0,,,"2.Email.3",N,,N,Demo,,gwhite,"1.4.0","1.4","index=""email"" sourcetype=""golf""",,,,,
0,,,"2.Email.4",Y,,Y,Demo,,gwhite,"1.4.0","1.4","index=""email"" sourcetype=""alpha""",,,,,
0,,,"2.Email.5",Y,,Y,Demo,,gwhite,"1.4.0","1.4","index=""email"" sourcetype=""echo""",,,,,
0,,,"2.Email.6",Y,,Y,Demo,,swise,"1.4.0","1.4","index=""email"" sourcetype=""hotel""",,,,,
0,,,"2.Email.7",P,,Y,Demo,,gwhite,"1.4.0","1.4",,,,,,
0,,,"2.Email.8",N,,N,Demo,,gwhite,"1.4.0","1.4","index=""email"" sourcetype=""indigo""",,,,,
0,,,"2.Email.9",N,,N,Demo,,swise,"1.4.0","1.4","index=""email"" sourcetype=""juliet""",,,,,
0,,,"2.DLP.1",N,,N,Demo,,gwhite,"1.4.0","1.4","index=""data_loss"" sourcetype=""hotel""",,,,,
0,,,"2.DLP.2",N,,N,Demo,,swise,"1.4.0","1.4","index=""data_loss"" sourcetype=""foxtrot""",,,,,
0,,,"2.DLP.3",N,,N,Demo,,gwhite,"1.4.0","1.4","index=""data_loss"" sourcetype=""foxtrot""",,,,,
0,,,"2.DLP.4",Y,,Y,Demo,,gwhite,"1.4.0","1.4","index=""data_loss"" sourcetype=""foxtrot""",,,,,
0,,,"2.DLP.5",N,,N,Demo,,swise,"1.4.0","1.4","index=""data_loss"" sourcetype=""bravo""",,,,,
0,,,"2.DLP.6-1",Y,,Y,Demo,,swise,"1.4.0","1.4","index=""data_loss"" sourcetype=""golf""",,,,,
0,,,"2.DLP.6-2",Y,Y,N,Demo,,gwhite,"1.4.0","1.4","index=""data_loss"" sourcetype=""echo""",,,,,
0,,,"2.DLP.6-3",Y,,Y,Demo,,swise,"1.4.0","1.4","index=""data_loss"" sourcetype=""bravo""",,,,,
0,,,"2.DLP.7",N,,Y,Demo,,gwhite,"1.4.0","1.4","index=""data_loss"" sourcetype=""alpha""",,,,,
0,,,"2.DLP.8",Y,,Y,Demo,,gwhite,"1.4.0","1.4","index=""data_loss"" sourcetype=""delta""",,,,,
0,,,"2.DLP.9",N,,N,Demo,,gwhite,"1.4.0","1.4","index=""data_loss"" sourcetype=""juliet""",,,,,
0,,,"2.Net.1",Y,,Y,Demo,,swise,"1.4.0","1.4","index=""network_traffic"" sourcetype=""charlie""",,,,,
0,,,"2.Net.2",Y,,Y,Demo,,gwhite,"1.4.0","1.4","index=""network_traffic"" sourcetype=""alpha""",,,,,
0,,,"2.App.1",Y,,Y,Demo,,swise,"1.4.0","1.4","index=""application"" sourcetype=""juliet""",,,,,
0,,,"2.App.2-1",N,,N,Demo,,gwhite,"1.4.0","1.4","index=""application"" sourcetype=""indigo""",,,,,
0,,,"2.App.2-2",N,,N,Demo,,gwhite,"1.4.0","1.4","index=""application"" sourcetype=""delta""",,,,,
0,,,"2.App.3-1",N,,N,Demo,,swise,"1.4.0","1.4","index=""application"" sourcetype=""alpha""",,,,,
0,,,"2.App.3-2",Y,,Y,Demo,,swise,"1.4.0","1.4","index=""application"" sourcetype=""foxtrot""",,,,,
0,,,"2.App.4",Y,,Y,Demo,,swise,"1.4.0","1.4","index=""application"" sourcetype=""foxtrot""",,,,,
0,,,"2.App.5",N,,N,Demo,,swise,"1.4.0","1.4","index=""application"" sourcetype=""juliet""",,,,,
0,,,"2.App.6-1",N,,N,Demo,,swise,"1.4.0","1.4","index=""application"" sourcetype=""bravo""",,,,,
0,,,"2.App.6-2",N,,N,Demo,,swise,"1.4.0","1.4","index=""application"" sourcetype=""charlie""",,,,,
0,,,"2.App.6-3",N,,N,Demo,,swise,"1.4.0","1.4","index=""application"" sourcetype=""foxtrot""",,,,,
0,,,"2.App.7",N,,N,Demo,,gwhite,"1.4.0","1.4","index=""application"" sourcetype=""foxtrot""",,,,,
0,,,"2.App.8",N,,Y,Demo,,swise,"1.4.0","1.4","index=""application"" sourcetype=""charlie""",,,,,
0,,,"2.App.9",N,,N,Demo,,swise,"1.4.0","1.4","index=""application"" sourcetype=""bravo""",,,,,
0,,,"2.App.10-1",Y,,Y,Demo,,swise,"1.4.0","1.4","index=""application"" sourcetype=""echo""",,,,,
0,,,"2.App.10-2",N,,N,Demo,,gwhite,"1.4.0","1.4","index=""application"" sourcetype=""alpha""",,,,,
0,,,"2.App.11",N,,N,Demo,,gwhite,"1.4.0","1.4","index=""application"" sourcetype=""foxtrot""",,,,,
0,,,"2.App.12",Y,,Y,Demo,,gwhite,"1.4.0","1.4","index=""application"" sourcetype=""juliet""",,,,,
0,,,"2.App.13-1",Y,,Y,Demo,,swise,"1.4.0","1.4","index=""application"" sourcetype=""juliet""",,,,,
0,,,"2.App.13-2",Y,,Y,Demo,,gwhite,"1.4.0","1.4","index=""application"" sourcetype=""alpha""",,,,,
0,,,"2.App.14-1",Y,,Y,Demo,,swise,"1.4.0","1.4","index=""application"" sourcetype=""echo""",,,,,
0,,,"2.App.14-2",Y,,Y,Demo,,gwhite,"1.4.0","1.4","index=""application"" sourcetype=""bravo""",,,,,
0,,,"2.App.15",N,,N,Demo,,gwhite,"1.4.0","1.4","index=""application"" sourcetype=""alpha""",,,,,
0,,,"2.App.16",N,,Y,Demo,,gwhite,"1.4.0","1.4","index=""application"" sourcetype=""bravo""",,,,,
0,,,"2.App.17",N,,N,Demo,,gwhite,"1.4.0","1.4","index=""application"" sourcetype=""indigo""",,,,,
0,,,"2.App.18",Y,,Y,Demo,,swise,"1.4.0","1.4","index=""application"" sourcetype=""indigo""",,,,,
0,,,"2.App.19-1",N,,N,Demo,,gwhite,"1.4.0","1.4","index=""application"" sourcetype=""foxtrot""",,,,,
0,,,"2.App.19-2",Y,,Y,Demo,,swise,"1.4.0","1.4","index=""application"" sourcetype=""golf""",,,,,
0,,,"2.App.19-3",N,,N,Demo,,gwhite,"1.4.0","1.4","index=""application"" sourcetype=""alpha""",,,,,
0,,,"2.App.20",N,,N,Demo,,gwhite,"1.4.0","1.4","index=""application"" sourcetype=""indigo""",,,,,
0,,,"2.App.21",N,,N,Demo,,gwhite,"1.4.0","1.4","index=""application"" sourcetype=""foxtrot""",,,,,
0,,,"2.App.22-1",N,,N,Demo,,gwhite,"1.4.0","1.4","index=""application"" sourcetype=""hotel""",,,,,
0,,,"2.App.22-2",Y,,Y,Demo,,swise,"1.4.0","1.4","index=""application"" sourcetype=""alpha""",,,,,
0,,,"2.App.22-3",Y,,Y,Demo,,swise,"1.4.0","1.4","index=""application"" sourcetype=""charlie""",,,,,
0,,,"2.App.22-4",N,,N,Demo,,gwhite,"1.4.0","1.4","index=""application"" sourcetype=""echo""",,,,,
0,,,"2.App.23",Y,,Y,Demo,,gwhite,"1.4.0","1.4","index=""application"" sourcetype=""charlie""",,,,,
0,,,"2.App.24-1",N,,N,Demo,,swise,"1.4.0","1.4","index=""application"" sourcetype=""charlie""",,,,,
0,,,"2.App.24-2",Y,,Y,Demo,,swise,"1.4.0","1.4","index=""application"" sourcetype=""alpha""",,,,,
0,,,"2.Con-Img.1",N,,N,Demo,,gwhite,"1.4.0","1.4","index=""container"" sourcetype=""bravo""",,,,,
0,,,"2.Con-Img.2",N,,N,Demo,,swise,"1.4.0","1.4","index=""container"" sourcetype=""hotel""",,,,,
0,,,"2.Con-Img.3",N,,Y,Demo,,swise,"1.4.0","1.4","index=""container"" sourcetype=""foxtrot""",,,,,
0,,,"2.Con-Img.4",N,,Y,Demo,,gwhite,"1.4.0","1.4","index=""container"" sourcetype=""juliet""",,,,,
0,,,"2.Con-Img.5",N,,N,Demo,,gwhite,"1.4.0","1.4","index=""container"" sourcetype=""hotel""",,,,,
0,,,"2.Con-Img.6",N,,N,Demo,,gwhite,"1.4.0","1.4","index=""container"" sourcetype=""indigo""",,,,,
0,,,"2.Con-Img.7",N,,N,Demo,,gwhite,"1.4.0","1.4","index=""container"" sourcetype=""delta""",,,,,
0,,,"2.Con-Img.8",N,,N,Demo,,swise,"1.4.0","1.4","index=""container"" sourcetype=""alpha""",,,,,
0,,,"2.Con-Img.9-1",N,,N,Demo,,gwhite,"1.4.0","1.4","index=""container"" sourcetype=""foxtrot""",,,,,
0,,,"2.Con-Img.9-2",Y,Y,N,Demo,,swise,"1.4.0","1.4","index=""container"" sourcetype=""echo""",,,,,
0,,,"2.Con-Img.10",Y,,Y,Demo,,swise,"1.4.0","1.4","index=""container"" sourcetype=""golf""",,,,,
0,,,"2.Con-Img.11-1",N,,N,Demo,,swise,"1.4.0","1.4","index=""container"" sourcetype=""golf""",,,,,
0,,,"2.Con-Img.11-2",N,,N,Demo,,swise,"1.4.0","1.4","index=""container"" sourcetype=""alpha""",,,,,
0,,,"2.Con-Img.12",N,,N,Demo,,swise,"1.4.0","1.4","index=""container"" sourcetype=""juliet""",,,,,
0,,,"2.Con-Img.13",N,,Y,Demo,,gwhite,"1.4.0","1.4","index=""container"" sourcetype=""golf""",,,,,
0,,,"2.Con-Img.14",Y,Y,N,Demo,,swise,"1.4.0","1.4","index=""container"" sourcetype=""hotel""",,,,,
0,,,"2.Con-Img.15-1",N,,N,Demo,,swise,"1.4.0","1.4","index=""container"" sourcetype=""bravo""",,,,,
0,,,"2.Con-Img.15-2",N,,Y,Demo,,gwhite,"1.4.0","1.4","index=""container"" sourcetype=""hotel""",,,,,
0,,,"2.Con-Img.16",Y,,Y,Demo,,swise,"1.4.0","1.4","index=""container"" sourcetype=""foxtrot""",,,,,
0,,,"2.Con-Img.17",N,,N,Demo,,gwhite,"1.4.0","1.4","index=""container"" sourcetype=""delta""",,,,,
0,,,"2.Con-Man.1",Y,,Y,Demo,,gwhite,"1.4.0","1.4","index=""container"" sourcetype=""foxtrot""",,,,,
0,,,"2.Con-Man.2",N,,N,Demo,,gwhite,"1.4.0","1.4","index=""container"" sourcetype=""juliet""",,,,,
0,,,"2.Con-Man.3",Y,,Y,Demo,,swise,"1.4.0","1.4","index=""container"" sourcetype=""alpha""",,,,,
0,,,"2.Con-Man.4",Y,,Y,Demo,,gwhite,"1.4.0","1.4","index=""container"" sourcetype=""golf""",,,,,
0,,,"2.Con-Man.5-1",Y,,Y,Demo,,swise,"1.4.0","1.4","index=""container"" sourcetype=""delta""",,,,,
0,,,"2.Con-Man.5-2",N,,Y,Demo,,gwhite,"1.4.0","1.4","index=""container"" sourcetype=""juliet""",,,,,
0,,,"2.Con-Man.6",Y,,Y,Demo,,gwhite,"1.4.0","1.4","index=""container"" sourcetype=""echo""",,,,,
0,,,"3.Sys.1",N,,Y,Demo,,swise,"1.4.0","1.4","index=""system_configuration"" sourcetype=""juliet""",,,,,
0,,,"3.Email.1",N,,N,Demo,,gwhite,"1.4.0","1.4","index=""email"" sourcetype=""alpha""",,,,,
0,N,,"3.Mainframe.1-1",N,,N,Demo,,swise,"1.4.0","1.4","index=""mainframes"" sourcetype=""bravo""",,,,,
0,N,,"3.Mainframe.1-2",N,,N,Demo,,swise,"1.4.0","1.4","index=""mainframes"" sourcetype=""golf""",,,,,
0,N,,"3.Mainframe.2",N,,Y,Demo,,swise,"1.4.0","1.4","index=""mainframes"" sourcetype=""hotel""",,,,,
0,N,,"3.Mainframe.3",N,,N,Demo,,gwhite,"1.4.0","1.4","index=""mainframes"" sourcetype=""juliet""",,,,,
0,N,,"3.Mainframe.4",N,,N,Demo,,swise,"1.4.0","1.4","index=""mainframes"" sourcetype=""echo""",,,,,
0,N,,"3.Mainframe.5",N,,N,Demo,,gwhite,"1.4.0","1.4","index=""mainframes"" sourcetype=""juliet""",,,,,
0,N,,"3.Mainframe.6",N,,N,Demo,,swise,"1.4.0","1.4","index=""mainframes"" sourcetype=""foxtrot""",,,,,
0,,,"3.Con-Pod.1-1",N,,N,Demo,,gwhite,"1.4.0","1.4","index=""container"" sourcetype=""foxtrot""",,,,,
0,,,"3.Con-Pod.1-2",N,,Y,Demo,,swise,"1.4.0","1.4","index=""container"" sourcetype=""hotel""",,,,,
0,,,"3.Con-Pod.2-1",N,,N,Demo,,gwhite,"1.4.0","1.4","index=""container"" sourcetype=""echo""",,,,,
0,,,"3.Con-Pod.2-2",N,,N,Demo,,swise,"1.4.0","1.4","index=""container"" sourcetype=""golf""",,,,,
0,,,"3.Con-Pod.3",N,,N,Demo,,swise,"1.4.0","1.4","index=""container"" sourcetype=""foxtrot""",,,,,
0,,,"3.Con-Pod.4-1",Y,,Y,Demo,,gwhite,"1.4.0","1.4","index=""container"" sourcetype=""alpha""",,,,,
0,,,"3.Con-Pod.4-2",N,,N,Demo,,swise,"1.4.0","1.4","index=""container"" sourcetype=""indigo""",,,,,
0,,,"2.Con-OS.1-1",Y,,Y,Demo,,gwhite,"1.4.0","1.4","index=""container"" sourcetype=""echo""",,,,,
0,,,"2.Con-OS.1-2",Y,,Y,Demo,,gwhite,"1.4.0","1.4","index=""container"" sourcetype=""charlie""",,,,,
0,,,"2.Con-OS.1-3",Y,,Y,Demo,,swise,"1.4.0","1.4","index=""container"" sourcetype=""bravo""",,,,,
0,,,"2.Con-OS.1-4",N,,N,Demo,,swise,"1.4.0","1.4","index=""container"" sourcetype=""bravo""",,,,,
0,,,"2.Con-OS.1-5",Y,,Y,Demo,,gwhite,"1.4.0","1.4","index=""container"" sourcetype=""alpha""",,,,,
0,,,"2.Con-OS.1-6",N,,N,Demo,,swise,"1.4.0","1.4","index=""container"" sourcetype=""juliet""",,,,,
0,,,"2.Con-OS.1-7",N,,N,Demo,,swise,"1.4.0","1.4","index=""container"" sourcetype=""juliet""",,,,,
0,,,"2.Con-OS.1-8",N,,N,Demo,,gwhite,"1.4.0","1.4","index=""container"" sourcetype=""charlie""",,,,,
0,,,"2.Con-OS.2",N,,N,Demo,,gwhite,"1.4.0","1.4","index=""container"" sourcetype=""bravo""",,,,,
0,,,"2.Con-OS.3-1",Y,Y,N,Demo,,gwhite,"1.4.0","1.4","index=""container"" sourcetype=""charlie""",,,,,
0,,,"2.Con-OS.3-2",Y,,Y,Demo,,swise,"1.4.0","1.4","index=""container"" sourcetype=""foxtrot""",,,,,
0,,,"2.Con-OS.4-1",Y,,Y,Demo,,gwhite,"1.4.0","1.4","index=""container"" sourcetype=""juliet""",,,,,
0,,,"2.Con-OS.4-2",N,,N,Demo,,swise,"1.4.0","1.4","index=""container"" sourcetype=""alpha""",,,,,
0,,,"2.Con-OS.5-1",N,,N,Demo,,gwhite,"1.4.0","1.4","index=""container"" sourcetype=""hotel""",,,,,
0,,,"2.Con-OS.5-2",Y,,Y,Demo,,swise,"1.4.0","1.4","index=""container"" sourcetype=""alpha""",,,,,
0,,,"2.Con-OS.6",Y,,Y,Demo,,swise,"1.4.0","1.4","index=""container"" sourcetype=""golf""",,,,,
0,,,"2.Con-OS.7-1",Y,,Y,Demo,,swise,"1.4.0","1.4","index=""container"" sourcetype=""alpha""",,,,,
0,,,"2.Con-OS.7-2",N,,N,Demo,,gwhite,"1.4.0","1.4","index=""container"" sourcetype=""bravo""",,,,,
0,,,"2.Con-OS.8",Y,,Y,Demo,,gwhite,"1.4.0","1.4","index=""container"" sourcetype=""foxtrot""",,,,,
0,,,"2.Con-OS.9",Y,,Y,Demo,,gwhite,"1.4.0","1.4","index=""container"" sourcetype=""charlie""",,,,,
0,,,"2.Con-OS.10-1",Y,,Y,Demo,,swise,"1.4.0","1.4","index=""container"" sourcetype=""juliet""",,,,,
0,,,"2.Con-OS.10-2",Y,,Y,Demo,,swise,"1.4.0","1.4","index=""container"" sourcetype=""delta""",,,,,
0,,,"2.Con-OS.11-1",N,,N,Demo,,swise,"1.4.0","1.4","index=""container"" sourcetype=""hotel""",,,,,
0,,,"2.Con-OS.11-2",Y,,Y,Demo,,swise,"1.4.0","1.4","index=""container"" sourcetype=""delta""",,,,,
0,,,"2.Con-OS.12",N,,Y,Demo,,swise,"1.4.0","1.4","index=""container"" sourcetype=""delta""",,,,,
0,,,"2.Con-OS.13",Y,,Y,Demo,,gwhite,"1.4.0","1.4","index=""container"" sourcetype=""bravo""",,,,,
0,,,"2.Con-OS.14-1",N,,N,Demo,,swise,"1.4.0","1.4","index=""container"" sourcetype=""charlie""",,,,,
1,,,"2.Con-OS.14-2",N,,N,Demo,,swise,"1.4.0","1.4","index=""container"" sourcetype=""charlie""",,,,,
0,,,"2.Con-OS.15",Y,,Y,Demo,,swise,"1.4.0","1.4","index=""container"" sourcetype=""foxtrot""",,,,,
0,,,"2.Con-OS.16",Y,,Y,Demo,,gwhite,"1.4.0","1.4","index=""container"" sourcetype=""delta""",,,,,
0,,,"2.Con-OS.17",Y,,Y,Demo,,gwhite,"1.4.0","1.4","index=""container"" sourcetype=""golf""",,,,,
0,,,"2.Con-OS.18",N,,N,Demo,,swise,"1.4.0","1.4","index=""container"" sourcetype=""foxtrot""",,,,,
0,,,"2.Con-OS.19",N,,N,Demo,,gwhite,"1.4.0","1.4","index=""container"" sourcetype=""bravo""",,,,,
0,,,"2.Con-OS.20",N,,N,Demo,,swise,"1.4.0","1.4","index=""container"" sourcetype=""juliet""",,,,,
0,,,"2.Con-OS.21",N,,N,Demo,,gwhite,"1.4.0","1.4","index=""container"" sourcetype=""alpha""",,,,,
